,0,0,0,0,0,0,0,0,0,0,0,0,0
0,-0.02981015,,,,,,,,,,,,
1,0.002619487,-0.02981015,,,,,,,,,,,
2,0.052951789,0.002619487,-0.02981015,,,,,,,,,,
3,-0.031822855,0.052951789,0.002619487,-0.02981015,,,,,,,,,
4,0.031349829,-0.031822855,0.052951789,0.002619487,-0.02981015,,,,,,,,
5,0.005485935,0.031349829,-0.031822855,0.052951789,0.002619487,-0.02981015,,,,,,,
6,-0.00132081,0.005485935,0.031349829,-0.031822855,0.052951789,0.002619487,-0.02981015,,,,,,
7,0.022931261,-0.00132081,0.005485935,0.031349829,-0.031822855,0.052951789,0.002619487,-0.02981015,,,,,
8,-0.028466708,0.022931261,-0.00132081,0.005485935,0.031349829,-0.031822855,0.052951789,0.002619487,-0.02981015,,,,
9,-0.000334178,-0.028466708,0.022931261,-0.00132081,0.005485935,0.031349829,-0.031822855,0.052951789,0.002619487,-0.02981015,,,
10,-0.0145447,-0.000334178,-0.028466708,0.022931261,-0.00132081,0.005485935,0.031349829,-0.031822855,0.052951789,0.002619487,-0.02981015,,
11,0.00257960081,-0.0145447,-0.000334178,-0.028466708,0.022931261,-0.00132081,0.005485935,0.031349829,-0.031822855,0.052951789,0.002619487,-0.02981015,
12,0.006537041841,0.00257960081,-0.0145447,-0.000334178,-0.028466708,0.022931261,-0.00132081,0.005485935,0.031349829,-0.031822855,0.052951789,0.002619487,-0.02981015
13,0.01625904113,0.006537041841,0.00257960081,-0.0145447,-0.000334178,-0.028466708,0.022931261,-0.00132081,0.005485935,0.031349829,-0.031822855,0.052951789,0.002619487
14,0.012043737801,0.01625904113,0.006537041841,0.00257960081,-0.0145447,-0.000334178,-0.028466708,0.022931261,-0.00132081,0.005485935,0.031349829,-0.031822855,0.052951789
15,-0.001181856653,0.012043737801,0.01625904113,0.006537041841,0.00257960081,-0.0145447,-0.000334178,-0.028466708,0.022931261,-0.00132081,0.005485935,0.031349829,-0.031822855
16,-0.029769655892,-0.001181856653,0.012043737801,0.01625904113,0.006537041841,0.00257960081,-0.0145447,-0.000334178,-0.028466708,0.022931261,-0.00132081,0.005485935,0.031349829
17,0.020376647627,-0.029769655892,-0.001181856653,0.012043737801,0.01625904113,0.006537041841,0.00257960081,-0.0145447,-0.000334178,-0.028466708,0.022931261,-0.00132081,0.005485935
18,0.006028573355,0.020376647627,-0.029769655892,-0.001181856653,0.012043737801,0.01625904113,0.006537041841,0.00257960081,-0.0145447,-0.000334178,-0.028466708,0.022931261,-0.00132081
19,-0.02904267891,0.006028573355,0.020376647627,-0.029769655892,-0.001181856653,0.012043737801,0.01625904113,0.006537041841,0.00257960081,-0.0145447,-0.000334178,-0.028466708,0.022931261
20,-0.000384906801,-0.02904267891,0.006028573355,0.020376647627,-0.029769655892,-0.001181856653,0.012043737801,0.01625904113,0.006537041841,0.00257960081,-0.0145447,-0.000334178,-0.028466708
21,0.024077590128,-0.000384906801,-0.02904267891,0.006028573355,0.020376647627,-0.029769655892,-0.001181856653,0.012043737801,0.01625904113,0.006537041841,0.00257960081,-0.0145447,-0.000334178
22,0.022229412572,0.024077590128,-0.000384906801,-0.02904267891,0.006028573355,0.020376647627,-0.029769655892,-0.001181856653,0.012043737801,0.01625904113,0.006537041841,0.00257960081,-0.0145447
23,-0.018506936274,0.022229412572,0.024077590128,-0.000384906801,-0.02904267891,0.006028573355,0.020376647627,-0.029769655892,-0.001181856653,0.012043737801,0.01625904113,0.006537041841,0.00257960081
24,0.012851767847,-0.018506936274,0.022229412572,0.024077590128,-0.000384906801,-0.02904267891,0.006028573355,0.020376647627,-0.029769655892,-0.001181856653,0.012043737801,0.01625904113,0.006537041841
25,-0.049022345378,0.012851767847,-0.018506936274,0.022229412572,0.024077590128,-0.000384906801,-0.02904267891,0.006028573355,0.020376647627,-0.029769655892,-0.001181856653,0.012043737801,0.01625904113
26,0.036378181648,-0.049022345378,0.012851767847,-0.018506936274,0.022229412572,0.024077590128,-0.000384906801,-0.02904267891,0.006028573355,0.020376647627,-0.029769655892,-0.001181856653,0.012043737801
27,-0.03638189237,0.036378181648,-0.049022345378,0.012851767847,-0.018506936274,0.022229412572,0.024077590128,-0.000384906801,-0.02904267891,0.006028573355,0.020376647627,-0.029769655892,-0.001181856653
28,0.027781279054,-0.03638189237,0.036378181648,-0.049022345378,0.012851767847,-0.018506936274,0.022229412572,0.024077590128,-0.000384906801,-0.02904267891,0.006028573355,0.020376647627,-0.029769655892
29,-0.004451730178,0.027781279054,-0.03638189237,0.036378181648,-0.049022345378,0.012851767847,-0.018506936274,0.022229412572,0.024077590128,-0.000384906801,-0.02904267891,0.006028573355,0.020376647627
30,-0.054815713496,-0.004451730178,0.027781279054,-0.03638189237,0.036378181648,-0.049022345378,0.012851767847,-0.018506936274,0.022229412572,0.024077590128,-0.000384906801,-0.02904267891,0.006028573355
31,0.069433084432,-0.054815713496,-0.004451730178,0.027781279054,-0.03638189237,0.036378181648,-0.049022345378,0.012851767847,-0.018506936274,0.022229412572,0.024077590128,-0.000384906801,-0.02904267891
32,-0.047257076468,0.069433084432,-0.054815713496,-0.004451730178,0.027781279054,-0.03638189237,0.036378181648,-0.049022345378,0.012851767847,-0.018506936274,0.022229412572,0.024077590128,-0.000384906801
33,0.000980995239,-0.047257076468,0.069433084432,-0.054815713496,-0.004451730178,0.027781279054,-0.03638189237,0.036378181648,-0.049022345378,0.012851767847,-0.018506936274,0.022229412572,0.024077590128
34,0.01650627941,0.000980995239,-0.047257076468,0.069433084432,-0.054815713496,-0.004451730178,0.027781279054,-0.03638189237,0.036378181648,-0.049022345378,0.012851767847,-0.018506936274,0.022229412572
35,0.0218974692006,0.01650627941,0.000980995239,-0.047257076468,0.069433084432,-0.054815713496,-0.004451730178,0.027781279054,-0.03638189237,0.036378181648,-0.049022345378,0.012851767847,-0.018506936274
36,-0.0281740426979,0.0218974692006,0.01650627941,0.000980995239,-0.047257076468,0.069433084432,-0.054815713496,-0.004451730178,0.027781279054,-0.03638189237,0.036378181648,-0.049022345378,0.012851767847
37,0.0380205269807,-0.0281740426979,0.0218974692006,0.01650627941,0.000980995239,-0.047257076468,0.069433084432,-0.054815713496,-0.004451730178,0.027781279054,-0.03638189237,0.036378181648,-0.049022345378
38,-0.0457480844923,0.0380205269807,-0.0281740426979,0.0218974692006,0.01650627941,0.000980995239,-0.047257076468,0.069433084432,-0.054815713496,-0.004451730178,0.027781279054,-0.03638189237,0.036378181648
39,0.0455474895646,-0.0457480844923,0.0380205269807,-0.0281740426979,0.0218974692006,0.01650627941,0.000980995239,-0.047257076468,0.069433084432,-0.054815713496,-0.004451730178,0.027781279054,-0.03638189237
40,0.00643098797349,0.0455474895646,-0.0457480844923,0.0380205269807,-0.0281740426979,0.0218974692006,0.01650627941,0.000980995239,-0.047257076468,0.069433084432,-0.054815713496,-0.004451730178,0.027781279054
41,-0.0206868169144,0.00643098797349,0.0455474895646,-0.0457480844923,0.0380205269807,-0.0281740426979,0.0218974692006,0.01650627941,0.000980995239,-0.047257076468,0.069433084432,-0.054815713496,-0.004451730178
42,-0.000304463267959,-0.0206868169144,0.00643098797349,0.0455474895646,-0.0457480844923,0.0380205269807,-0.0281740426979,0.0218974692006,0.01650627941,0.000980995239,-0.047257076468,0.069433084432,-0.054815713496
43,-0.000458840340742,-0.000304463267959,-0.0206868169144,0.00643098797349,0.0455474895646,-0.0457480844923,0.0380205269807,-0.0281740426979,0.0218974692006,0.01650627941,0.000980995239,-0.047257076468,0.069433084432
44,-0.0221748530541,-0.000458840340742,-0.000304463267959,-0.0206868169144,0.00643098797349,0.0455474895646,-0.0457480844923,0.0380205269807,-0.0281740426979,0.0218974692006,0.01650627941,0.000980995239,-0.047257076468
45,0.017350002985,-0.0221748530541,-0.000458840340742,-0.000304463267959,-0.0206868169144,0.00643098797349,0.0455474895646,-0.0457480844923,0.0380205269807,-0.0281740426979,0.0218974692006,0.01650627941,0.000980995239
46,0.016015543453,0.017350002985,-0.0221748530541,-0.000458840340742,-0.000304463267959,-0.0206868169144,0.00643098797349,0.0455474895646,-0.0457480844923,0.0380205269807,-0.0281740426979,0.0218974692006,0.01650627941
47,-0.0350632508102,0.016015543453,0.017350002985,-0.0221748530541,-0.000458840340742,-0.000304463267959,-0.0206868169144,0.00643098797349,0.0455474895646,-0.0457480844923,0.0380205269807,-0.0281740426979,0.0218974692006
48,0.0237349951985,-0.0350632508102,0.016015543453,0.017350002985,-0.0221748530541,-0.000458840340742,-0.000304463267959,-0.0206868169144,0.00643098797349,0.0455474895646,-0.0457480844923,0.0380205269807,-0.0281740426979
49,-0.0182554973837,0.0237349951985,-0.0350632508102,0.016015543453,0.017350002985,-0.0221748530541,-0.000458840340742,-0.000304463267959,-0.0206868169144,0.00643098797349,0.0455474895646,-0.0457480844923,0.0380205269807
50,0.0225640045997,-0.0182554973837,0.0237349951985,-0.0350632508102,0.016015543453,0.017350002985,-0.0221748530541,-0.000458840340742,-0.000304463267959,-0.0206868169144,0.00643098797349,0.0455474895646,-0.0457480844923
51,-0.0195983756265,0.0225640045997,-0.0182554973837,0.0237349951985,-0.0350632508102,0.016015543453,0.017350002985,-0.0221748530541,-0.000458840340742,-0.000304463267959,-0.0206868169144,0.00643098797349,0.0455474895646
52,-0.0150214275685,-0.0195983756265,0.0225640045997,-0.0182554973837,0.0237349951985,-0.0350632508102,0.016015543453,0.017350002985,-0.0221748530541,-0.000458840340742,-0.000304463267959,-0.0206868169144,0.00643098797349
53,0.0255948561051,-0.0150214275685,-0.0195983756265,0.0225640045997,-0.0182554973837,0.0237349951985,-0.0350632508102,0.016015543453,0.017350002985,-0.0221748530541,-0.000458840340742,-0.000304463267959,-0.0206868169144
54,0.00768004071105,0.0255948561051,-0.0150214275685,-0.0195983756265,0.0225640045997,-0.0182554973837,0.0237349951985,-0.0350632508102,0.016015543453,0.017350002985,-0.0221748530541,-0.000458840340742,-0.000304463267959
55,-0.00164565365954,0.00768004071105,0.0255948561051,-0.0150214275685,-0.0195983756265,0.0225640045997,-0.0182554973837,0.0237349951985,-0.0350632508102,0.016015543453,0.017350002985,-0.0221748530541,-0.000458840340742
56,-0.0187759978232,-0.00164565365954,0.00768004071105,0.0255948561051,-0.0150214275685,-0.0195983756265,0.0225640045997,-0.0182554973837,0.0237349951985,-0.0350632508102,0.016015543453,0.017350002985,-0.0221748530541
57,0.00708127872755,-0.0187759978232,-0.00164565365954,0.00768004071105,0.0255948561051,-0.0150214275685,-0.0195983756265,0.0225640045997,-0.0182554973837,0.0237349951985,-0.0350632508102,0.016015543453,0.017350002985
58,0.0120742787634,0.00708127872755,-0.0187759978232,-0.00164565365954,0.00768004071105,0.0255948561051,-0.0150214275685,-0.0195983756265,0.0225640045997,-0.0182554973837,0.0237349951985,-0.0350632508102,0.016015543453
59,-0.0109698511827,0.0120742787634,0.00708127872755,-0.0187759978232,-0.00164565365954,0.00768004071105,0.0255948561051,-0.0150214275685,-0.0195983756265,0.0225640045997,-0.0182554973837,0.0237349951985,-0.0350632508102
60,0.00525488449437,-0.0109698511827,0.0120742787634,0.00708127872755,-0.0187759978232,-0.00164565365954,0.00768004071105,0.0255948561051,-0.0150214275685,-0.0195983756265,0.0225640045997,-0.0182554973837,0.0237349951985
61,0.00472741034553,0.00525488449437,-0.0109698511827,0.0120742787634,0.00708127872755,-0.0187759978232,-0.00164565365954,0.00768004071105,0.0255948561051,-0.0150214275685,-0.0195983756265,0.0225640045997,-0.0182554973837
62,0.0162605365441,0.00472741034553,0.00525488449437,-0.0109698511827,0.0120742787634,0.00708127872755,-0.0187759978232,-0.00164565365954,0.00768004071105,0.0255948561051,-0.0150214275685,-0.0195983756265,0.0225640045997
63,-0.0322487167207,0.0162605365441,0.00472741034553,0.00525488449437,-0.0109698511827,0.0120742787634,0.00708127872755,-0.0187759978232,-0.00164565365954,0.00768004071105,0.0255948561051,-0.0150214275685,-0.0195983756265
64,-0.0221387683845,-0.0322487167207,0.0162605365441,0.00472741034553,0.00525488449437,-0.0109698511827,0.0120742787634,0.00708127872755,-0.0187759978232,-0.00164565365954,0.00768004071105,0.0255948561051,-0.0150214275685
65,0.0769374625034,-0.0221387683845,-0.0322487167207,0.0162605365441,0.00472741034553,0.00525488449437,-0.0109698511827,0.0120742787634,0.00708127872755,-0.0187759978232,-0.00164565365954,0.00768004071105,0.0255948561051
66,-0.0607564274533,0.0769374625034,-0.0221387683845,-0.0322487167207,0.0162605365441,0.00472741034553,0.00525488449437,-0.0109698511827,0.0120742787634,0.00708127872755,-0.0187759978232,-0.00164565365954,0.00768004071105
67,0.0238951311024,-0.0607564274533,0.0769374625034,-0.0221387683845,-0.0322487167207,0.0162605365441,0.00472741034553,0.00525488449437,-0.0109698511827,0.0120742787634,0.00708127872755,-0.0187759978232,-0.00164565365954
68,-0.0422513690134,0.0238951311024,-0.0607564274533,0.0769374625034,-0.0221387683845,-0.0322487167207,0.0162605365441,0.00472741034553,0.00525488449437,-0.0109698511827,0.0120742787634,0.00708127872755,-0.0187759978232
69,0.0270340311764,-0.0422513690134,0.0238951311024,-0.0607564274533,0.0769374625034,-0.0221387683845,-0.0322487167207,0.0162605365441,0.00472741034553,0.00525488449437,-0.0109698511827,0.0120742787634,0.00708127872755
70,0.00211545726981,0.0270340311764,-0.0422513690134,0.0238951311024,-0.0607564274533,0.0769374625034,-0.0221387683845,-0.0322487167207,0.0162605365441,0.00472741034553,0.00525488449437,-0.0109698511827,0.0120742787634
71,-0.00844694061526,0.00211545726981,0.0270340311764,-0.0422513690134,0.0238951311024,-0.0607564274533,0.0769374625034,-0.0221387683845,-0.0322487167207,0.0162605365441,0.00472741034553,0.00525488449437,-0.0109698511827
72,0.00691942726962,-0.00844694061526,0.00211545726981,0.0270340311764,-0.0422513690134,0.0238951311024,-0.0607564274533,0.0769374625034,-0.0221387683845,-0.0322487167207,0.0162605365441,0.00472741034553,0.00525488449437
73,0.0154488483663,0.00691942726962,-0.00844694061526,0.00211545726981,0.0270340311764,-0.0422513690134,0.0238951311024,-0.0607564274533,0.0769374625034,-0.0221387683845,-0.0322487167207,0.0162605365441,0.00472741034553
74,-0.021363207841,0.0154488483663,0.00691942726962,-0.00844694061526,0.00211545726981,0.0270340311764,-0.0422513690134,0.0238951311024,-0.0607564274533,0.0769374625034,-0.0221387683845,-0.0322487167207,0.0162605365441
75,0.0266956437158,-0.021363207841,0.0154488483663,0.00691942726962,-0.00844694061526,0.00211545726981,0.0270340311764,-0.0422513690134,0.0238951311024,-0.0607564274533,0.0769374625034,-0.0221387683845,-0.0322487167207
76,-0.034437374576,0.0266956437158,-0.021363207841,0.0154488483663,0.00691942726962,-0.00844694061526,0.00211545726981,0.0270340311764,-0.0422513690134,0.0238951311024,-0.0607564274533,0.0769374625034,-0.0221387683845
77,0.0446826255586,-0.034437374576,0.0266956437158,-0.021363207841,0.0154488483663,0.00691942726962,-0.00844694061526,0.00211545726981,0.0270340311764,-0.0422513690134,0.0238951311024,-0.0607564274533,0.0769374625034
78,-0.00782662955836,0.0446826255586,-0.034437374576,0.0266956437158,-0.021363207841,0.0154488483663,0.00691942726962,-0.00844694061526,0.00211545726981,0.0270340311764,-0.0422513690134,0.0238951311024,-0.0607564274533
79,-0.0120124445012,-0.00782662955836,0.0446826255586,-0.034437374576,0.0266956437158,-0.021363207841,0.0154488483663,0.00691942726962,-0.00844694061526,0.00211545726981,0.0270340311764,-0.0422513690134,0.0238951311024
80,0.0169421963484,-0.0120124445012,-0.00782662955836,0.0446826255586,-0.034437374576,0.0266956437158,-0.021363207841,0.0154488483663,0.00691942726962,-0.00844694061526,0.00211545726981,0.0270340311764,-0.0422513690134
81,-0.012291080167,0.0169421963484,-0.0120124445012,-0.00782662955836,0.0446826255586,-0.034437374576,0.0266956437158,-0.021363207841,0.0154488483663,0.00691942726962,-0.00844694061526,0.00211545726981,0.0270340311764
82,0.0244287911074,-0.012291080167,0.0169421963484,-0.0120124445012,-0.00782662955836,0.0446826255586,-0.034437374576,0.0266956437158,-0.021363207841,0.0154488483663,0.00691942726962,-0.00844694061526,0.00211545726981
83,-0.0279742724899,0.0244287911074,-0.012291080167,0.0169421963484,-0.0120124445012,-0.00782662955836,0.0446826255586,-0.034437374576,0.0266956437158,-0.021363207841,0.0154488483663,0.00691942726962,-0.00844694061526
84,0.0524451142167,-0.0279742724899,0.0244287911074,-0.012291080167,0.0169421963484,-0.0120124445012,-0.00782662955836,0.0446826255586,-0.034437374576,0.0266956437158,-0.021363207841,0.0154488483663,0.00691942726962
85,-0.0124304096849,0.0524451142167,-0.0279742724899,0.0244287911074,-0.012291080167,0.0169421963484,-0.0120124445012,-0.00782662955836,0.0446826255586,-0.034437374576,0.0266956437158,-0.021363207841,0.0154488483663
86,-0.0325479899952,-0.0124304096849,0.0524451142167,-0.0279742724899,0.0244287911074,-0.012291080167,0.0169421963484,-0.0120124445012,-0.00782662955836,0.0446826255586,-0.034437374576,0.0266956437158,-0.021363207841
87,0.0306365698797,-0.0325479899952,-0.0124304096849,0.0524451142167,-0.0279742724899,0.0244287911074,-0.012291080167,0.0169421963484,-0.0120124445012,-0.00782662955836,0.0446826255586,-0.034437374576,0.0266956437158
88,-0.0601896656279,0.0306365698797,-0.0325479899952,-0.0124304096849,0.0524451142167,-0.0279742724899,0.0244287911074,-0.012291080167,0.0169421963484,-0.0120124445012,-0.00782662955836,0.0446826255586,-0.034437374576
89,0.0182844539149,-0.0601896656279,0.0306365698797,-0.0325479899952,-0.0124304096849,0.0524451142167,-0.0279742724899,0.0244287911074,-0.012291080167,0.0169421963484,-0.0120124445012,-0.00782662955836,0.0446826255586
90,0.0024793805575,0.0182844539149,-0.0601896656279,0.0306365698797,-0.0325479899952,-0.0124304096849,0.0524451142167,-0.0279742724899,0.0244287911074,-0.012291080167,0.0169421963484,-0.0120124445012,-0.00782662955836
91,0.0268022207701,0.0024793805575,0.0182844539149,-0.0601896656279,0.0306365698797,-0.0325479899952,-0.0124304096849,0.0524451142167,-0.0279742724899,0.0244287911074,-0.012291080167,0.0169421963484,-0.0120124445012
92,-0.0138081183834,0.0268022207701,0.0024793805575,0.0182844539149,-0.0601896656279,0.0306365698797,-0.0325479899952,-0.0124304096849,0.0524451142167,-0.0279742724899,0.0244287911074,-0.012291080167,0.0169421963484
93,0.0118771635111,-0.0138081183834,0.0268022207701,0.0024793805575,0.0182844539149,-0.0601896656279,0.0306365698797,-0.0325479899952,-0.0124304096849,0.0524451142167,-0.0279742724899,0.0244287911074,-0.012291080167
94,0.00289608722533,0.0118771635111,-0.0138081183834,0.0268022207701,0.0024793805575,0.0182844539149,-0.0601896656279,0.0306365698797,-0.0325479899952,-0.0124304096849,0.0524451142167,-0.0279742724899,0.0244287911074
95,-0.0126433139146,0.00289608722533,0.0118771635111,-0.0138081183834,0.0268022207701,0.0024793805575,0.0182844539149,-0.0601896656279,0.0306365698797,-0.0325479899952,-0.0124304096849,0.0524451142167,-0.0279742724899
96,0.0303329192422,-0.0126433139146,0.00289608722533,0.0118771635111,-0.0138081183834,0.0268022207701,0.0024793805575,0.0182844539149,-0.0601896656279,0.0306365698797,-0.0325479899952,-0.0124304096849,0.0524451142167
97,-0.0128319457193,0.0303329192422,-0.0126433139146,0.00289608722533,0.0118771635111,-0.0138081183834,0.0268022207701,0.0024793805575,0.0182844539149,-0.0601896656279,0.0306365698797,-0.0325479899952,-0.0124304096849
98,-0.0415487155738,-0.0128319457193,0.0303329192422,-0.0126433139146,0.00289608722533,0.0118771635111,-0.0138081183834,0.0268022207701,0.0024793805575,0.0182844539149,-0.0601896656279,0.0306365698797,-0.0325479899952
99,-0.0114069520948,-0.0415487155738,-0.0128319457193,0.0303329192422,-0.0126433139146,0.00289608722533,0.0118771635111,-0.0138081183834,0.0268022207701,0.0024793805575,0.0182844539149,-0.0601896656279,0.0306365698797
100,0.0706782753327,-0.0114069520948,-0.0415487155738,-0.0128319457193,0.0303329192422,-0.0126433139146,0.00289608722533,0.0118771635111,-0.0138081183834,0.0268022207701,0.0024793805575,0.0182844539149,-0.0601896656279
101,-0.0327368080835,0.0706782753327,-0.0114069520948,-0.0415487155738,-0.0128319457193,0.0303329192422,-0.0126433139146,0.00289608722533,0.0118771635111,-0.0138081183834,0.0268022207701,0.0024793805575,0.0182844539149
102,-0.0167662205816,-0.0327368080835,0.0706782753327,-0.0114069520948,-0.0415487155738,-0.0128319457193,0.0303329192422,-0.0126433139146,0.00289608722533,0.0118771635111,-0.0138081183834,0.0268022207701,0.0024793805575
103,0.0153744159955,-0.0167662205816,-0.0327368080835,0.0706782753327,-0.0114069520948,-0.0415487155738,-0.0128319457193,0.0303329192422,-0.0126433139146,0.00289608722533,0.0118771635111,-0.0138081183834,0.0268022207701
104,-0.00837993265648,0.0153744159955,-0.0167662205816,-0.0327368080835,0.0706782753327,-0.0114069520948,-0.0415487155738,-0.0128319457193,0.0303329192422,-0.0126433139146,0.00289608722533,0.0118771635111,-0.0138081183834
105,-0.0237769214085,-0.00837993265648,0.0153744159955,-0.0167662205816,-0.0327368080835,0.0706782753327,-0.0114069520948,-0.0415487155738,-0.0128319457193,0.0303329192422,-0.0126433139146,0.00289608722533,0.0118771635111
106,0.0605882549729,-0.0237769214085,-0.00837993265648,0.0153744159955,-0.0167662205816,-0.0327368080835,0.0706782753327,-0.0114069520948,-0.0415487155738,-0.0128319457193,0.0303329192422,-0.0126433139146,0.00289608722533
107,-0.0690774123046,0.0605882549729,-0.0237769214085,-0.00837993265648,0.0153744159955,-0.0167662205816,-0.0327368080835,0.0706782753327,-0.0114069520948,-0.0415487155738,-0.0128319457193,0.0303329192422,-0.0126433139146
108,0.0502275830297,-0.0690774123046,0.0605882549729,-0.0237769214085,-0.00837993265648,0.0153744159955,-0.0167662205816,-0.0327368080835,0.0706782753327,-0.0114069520948,-0.0415487155738,-0.0128319457193,0.0303329192422
109,-0.0276738319002,0.0502275830297,-0.0690774123046,0.0605882549729,-0.0237769214085,-0.00837993265648,0.0153744159955,-0.0167662205816,-0.0327368080835,0.0706782753327,-0.0114069520948,-0.0415487155738,-0.0128319457193
110,-0.00250798242971,-0.0276738319002,0.0502275830297,-0.0690774123046,0.0605882549729,-0.0237769214085,-0.00837993265648,0.0153744159955,-0.0167662205816,-0.0327368080835,0.0706782753327,-0.0114069520948,-0.0415487155738
111,0.0788711010412,-0.00250798242971,-0.0276738319002,0.0502275830297,-0.0690774123046,0.0605882549729,-0.0237769214085,-0.00837993265648,0.0153744159955,-0.0167662205816,-0.0327368080835,0.0706782753327,-0.0114069520948
112,-0.0532558151251,0.0788711010412,-0.00250798242971,-0.0276738319002,0.0502275830297,-0.0690774123046,0.0605882549729,-0.0237769214085,-0.00837993265648,0.0153744159955,-0.0167662205816,-0.0327368080835,0.0706782753327
113,0.000262038282251,-0.0532558151251,0.0788711010412,-0.00250798242971,-0.0276738319002,0.0502275830297,-0.0690774123046,0.0605882549729,-0.0237769214085,-0.00837993265648,0.0153744159955,-0.0167662205816,-0.0327368080835
114,0.0196185681071,0.000262038282251,-0.0532558151251,0.0788711010412,-0.00250798242971,-0.0276738319002,0.0502275830297,-0.0690774123046,0.0605882549729,-0.0237769214085,-0.00837993265648,0.0153744159955,-0.0167662205816
115,-0.00393130824974,0.0196185681071,0.000262038282251,-0.0532558151251,0.0788711010412,-0.00250798242971,-0.0276738319002,0.0502275830297,-0.0690774123046,0.0605882549729,-0.0237769214085,-0.00837993265648,0.0153744159955
116,-0.00614391950552,-0.00393130824974,0.0196185681071,0.000262038282251,-0.0532558151251,0.0788711010412,-0.00250798242971,-0.0276738319002,0.0502275830297,-0.0690774123046,0.0605882549729,-0.0237769214085,-0.00837993265648
117,-0.0497325436992,-0.00614391950552,-0.00393130824974,0.0196185681071,0.000262038282251,-0.0532558151251,0.0788711010412,-0.00250798242971,-0.0276738319002,0.0502275830297,-0.0690774123046,0.0605882549729,-0.0237769214085
118,0.014541198933,-0.0497325436992,-0.00614391950552,-0.00393130824974,0.0196185681071,0.000262038282251,-0.0532558151251,0.0788711010412,-0.00250798242971,-0.0276738319002,0.0502275830297,-0.0690774123046,0.0605882549729
119,0.0199139798027,0.014541198933,-0.0497325436992,-0.00614391950552,-0.00393130824974,0.0196185681071,0.000262038282251,-0.0532558151251,0.0788711010412,-0.00250798242971,-0.0276738319002,0.0502275830297,-0.0690774123046
120,-0.013903974219,0.0199139798027,0.014541198933,-0.0497325436992,-0.00614391950552,-0.00393130824974,0.0196185681071,0.000262038282251,-0.0532558151251,0.0788711010412,-0.00250798242971,-0.0276738319002,0.0502275830297
121,0.0210320946802,-0.013903974219,0.0199139798027,0.014541198933,-0.0497325436992,-0.00614391950552,-0.00393130824974,0.0196185681071,0.000262038282251,-0.0532558151251,0.0788711010412,-0.00250798242971,-0.0276738319002
122,-0.0152679793276,0.0210320946802,-0.013903974219,0.0199139798027,0.014541198933,-0.0497325436992,-0.00614391950552,-0.00393130824974,0.0196185681071,0.000262038282251,-0.0532558151251,0.0788711010412,-0.00250798242971
123,0.0226186956627,-0.0152679793276,0.0210320946802,-0.013903974219,0.0199139798027,0.014541198933,-0.0497325436992,-0.00614391950552,-0.00393130824974,0.0196185681071,0.000262038282251,-0.0532558151251,0.0788711010412
124,-0.000213656285911,0.0226186956627,-0.0152679793276,0.0210320946802,-0.013903974219,0.0199139798027,0.014541198933,-0.0497325436992,-0.00614391950552,-0.00393130824974,0.0196185681071,0.000262038282251,-0.0532558151251
125,0.00702424060548,-0.000213656285911,0.0226186956627,-0.0152679793276,0.0210320946802,-0.013903974219,0.0199139798027,0.014541198933,-0.0497325436992,-0.00614391950552,-0.00393130824974,0.0196185681071,0.000262038282251
126,-0.0223183606581,0.00702424060548,-0.000213656285911,0.0226186956627,-0.0152679793276,0.0210320946802,-0.013903974219,0.0199139798027,0.014541198933,-0.0497325436992,-0.00614391950552,-0.00393130824974,0.0196185681071
127,-0.0106699172405,-0.0223183606581,0.00702424060548,-0.000213656285911,0.0226186956627,-0.0152679793276,0.0210320946802,-0.013903974219,0.0199139798027,0.014541198933,-0.0497325436992,-0.00614391950552,-0.00393130824974
128,0.00421569705076,-0.0106699172405,-0.0223183606581,0.00702424060548,-0.000213656285911,0.0226186956627,-0.0152679793276,0.0210320946802,-0.013903974219,0.0199139798027,0.014541198933,-0.0497325436992,-0.00614391950552
129,0.00795956396543,0.00421569705076,-0.0106699172405,-0.0223183606581,0.00702424060548,-0.000213656285911,0.0226186956627,-0.0152679793276,0.0210320946802,-0.013903974219,0.0199139798027,0.014541198933,-0.0497325436992
130,0.00470397901422,0.00795956396543,0.00421569705076,-0.0106699172405,-0.0223183606581,0.00702424060548,-0.000213656285911,0.0226186956627,-0.0152679793276,0.0210320946802,-0.013903974219,0.0199139798027,0.014541198933
131,-0.0252717524429,0.00470397901422,0.00795956396543,0.00421569705076,-0.0106699172405,-0.0223183606581,0.00702424060548,-0.000213656285911,0.0226186956627,-0.0152679793276,0.0210320946802,-0.013903974219,0.0199139798027
132,0.0271653312209,-0.0252717524429,0.00470397901422,0.00795956396543,0.00421569705076,-0.0106699172405,-0.0223183606581,0.00702424060548,-0.000213656285911,0.0226186956627,-0.0152679793276,0.0210320946802,-0.013903974219
133,0.0429757686488,0.0271653312209,-0.0252717524429,0.00470397901422,0.00795956396543,0.00421569705076,-0.0106699172405,-0.0223183606581,0.00702424060548,-0.000213656285911,0.0226186956627,-0.0152679793276,0.0210320946802
134,-0.0461880809249,0.0429757686488,0.0271653312209,-0.0252717524429,0.00470397901422,0.00795956396543,0.00421569705076,-0.0106699172405,-0.0223183606581,0.00702424060548,-0.000213656285911,0.0226186956627,-0.0152679793276
135,-0.026608793097,-0.0461880809249,0.0429757686488,0.0271653312209,-0.0252717524429,0.00470397901422,0.00795956396543,0.00421569705076,-0.0106699172405,-0.0223183606581,0.00702424060548,-0.000213656285911,0.0226186956627
136,-0.00344529426283,-0.026608793097,-0.0461880809249,0.0429757686488,0.0271653312209,-0.0252717524429,0.00470397901422,0.00795956396543,0.00421569705076,-0.0106699172405,-0.0223183606581,0.00702424060548,-0.000213656285911
137,0.0210237105609,-0.00344529426283,-0.026608793097,-0.0461880809249,0.0429757686488,0.0271653312209,-0.0252717524429,0.00470397901422,0.00795956396543,0.00421569705076,-0.0106699172405,-0.0223183606581,0.00702424060548
138,0.012774885849,0.0210237105609,-0.00344529426283,-0.026608793097,-0.0461880809249,0.0429757686488,0.0271653312209,-0.0252717524429,0.00470397901422,0.00795956396543,0.00421569705076,-0.0106699172405,-0.0223183606581
139,0.00503340555917,0.012774885849,0.0210237105609,-0.00344529426283,-0.026608793097,-0.0461880809249,0.0429757686488,0.0271653312209,-0.0252717524429,0.00470397901422,0.00795956396543,0.00421569705076,-0.0106699172405
140,-0.0263419780163,0.00503340555917,0.012774885849,0.0210237105609,-0.00344529426283,-0.026608793097,-0.0461880809249,0.0429757686488,0.0271653312209,-0.0252717524429,0.00470397901422,0.00795956396543,0.00421569705076
141,0.0435178272048,-0.0263419780163,0.00503340555917,0.012774885849,0.0210237105609,-0.00344529426283,-0.026608793097,-0.0461880809249,0.0429757686488,0.0271653312209,-0.0252717524429,0.00470397901422,0.00795956396543
142,-0.0450016884784,0.0435178272048,-0.0263419780163,0.00503340555917,0.012774885849,0.0210237105609,-0.00344529426283,-0.026608793097,-0.0461880809249,0.0429757686488,0.0271653312209,-0.0252717524429,0.00470397901422
143,0.0243157638785,-0.0450016884784,0.0435178272048,-0.0263419780163,0.00503340555917,0.012774885849,0.0210237105609,-0.00344529426283,-0.026608793097,-0.0461880809249,0.0429757686488,0.0271653312209,-0.0252717524429
144,-0.014612885378,0.0243157638785,-0.0450016884784,0.0435178272048,-0.0263419780163,0.00503340555917,0.012774885849,0.0210237105609,-0.00344529426283,-0.026608793097,-0.0461880809249,0.0429757686488,0.0271653312209
145,0.015948163804,-0.014612885378,0.0243157638785,-0.0450016884784,0.0435178272048,-0.0263419780163,0.00503340555917,0.012774885849,0.0210237105609,-0.00344529426283,-0.026608793097,-0.0461880809249,0.0429757686488
146,-0.025347687707,0.015948163804,-0.014612885378,0.0243157638785,-0.0450016884784,0.0435178272048,-0.0263419780163,0.00503340555917,0.012774885849,0.0210237105609,-0.00344529426283,-0.026608793097,-0.0461880809249
147,-0.007864223014,-0.025347687707,0.015948163804,-0.014612885378,0.0243157638785,-0.0450016884784,0.0435178272048,-0.0263419780163,0.00503340555917,0.012774885849,0.0210237105609,-0.00344529426283,-0.026608793097
148,-0.003445294263,-0.007864223014,-0.025347687707,0.015948163804,-0.014612885378,0.0243157638785,-0.0450016884784,0.0435178272048,-0.0263419780163,0.00503340555917,0.012774885849,0.0210237105609,-0.00344529426283
149,0.021023710561,-0.003445294263,-0.007864223014,-0.025347687707,0.015948163804,-0.014612885378,0.0243157638785,-0.0450016884784,0.0435178272048,-0.0263419780163,0.00503340555917,0.012774885849,0.0210237105609
150,0.012774885849,0.021023710561,-0.003445294263,-0.007864223014,-0.025347687707,0.015948163804,-0.014612885378,0.0243157638785,-0.0450016884784,0.0435178272048,-0.0263419780163,0.00503340555917,0.012774885849
151,0.005033405559,0.012774885849,0.021023710561,-0.003445294263,-0.007864223014,-0.025347687707,0.015948163804,-0.014612885378,0.0243157638785,-0.0450016884784,0.0435178272048,-0.0263419780163,0.00503340555917
152,-0.026341978016,0.005033405559,0.012774885849,0.021023710561,-0.003445294263,-0.007864223014,-0.025347687707,0.015948163804,-0.014612885378,0.0243157638785,-0.0450016884784,0.0435178272048,-0.0263419780163
153,0.043517827205,-0.026341978016,0.005033405559,0.012774885849,0.021023710561,-0.003445294263,-0.007864223014,-0.025347687707,0.015948163804,-0.014612885378,0.0243157638785,-0.0450016884784,0.0435178272048
154,-0.045001688478,0.043517827205,-0.026341978016,0.005033405559,0.012774885849,0.021023710561,-0.003445294263,-0.007864223014,-0.025347687707,0.015948163804,-0.014612885378,0.0243157638785,-0.0450016884784
155,-0.003806620198,-0.045001688478,0.043517827205,-0.026341978016,0.005033405559,0.012774885849,0.021023710561,-0.003445294263,-0.007864223014,-0.025347687707,0.015948163804,-0.014612885378,0.0243157638785
156,0.025213826495,-0.003806620198,-0.045001688478,0.043517827205,-0.026341978016,0.005033405559,0.012774885849,0.021023710561,-0.003445294263,-0.007864223014,-0.025347687707,0.015948163804,-0.014612885378
157,-0.007561449926,0.025213826495,-0.003806620198,-0.045001688478,0.043517827205,-0.026341978016,0.005033405559,0.012774885849,0.021023710561,-0.003445294263,-0.007864223014,-0.025347687707,0.015948163804
158,0.001266738579,-0.007561449926,0.025213826495,-0.003806620198,-0.045001688478,0.043517827205,-0.026341978016,0.005033405559,0.012774885849,0.021023710561,-0.003445294263,-0.007864223014,-0.025347687707
159,0.005699453525,0.001266738579,-0.007561449926,0.025213826495,-0.003806620198,-0.045001688478,0.043517827205,-0.026341978016,0.005033405559,0.012774885849,0.021023710561,-0.003445294263,-0.007864223014
160,-0.042097570038,0.005699453525,0.001266738579,-0.007561449926,0.025213826495,-0.003806620198,-0.045001688478,0.043517827205,-0.026341978016,0.005033405559,0.012774885849,0.021023710561,-0.003445294263
161,0.032586455419,-0.042097570038,0.005699453525,0.001266738579,-0.007561449926,0.025213826495,-0.003806620198,-0.045001688478,0.043517827205,-0.026341978016,0.005033405559,0.012774885849,0.021023710561
162,-0.048836486673,0.032586455419,-0.042097570038,0.005699453525,0.001266738579,-0.007561449926,0.025213826495,-0.003806620198,-0.045001688478,0.043517827205,-0.026341978016,0.005033405559,0.012774885849
163,0.044350708814,-0.048836486673,0.032586455419,-0.042097570038,0.005699453525,0.001266738579,-0.007561449926,0.025213826495,-0.003806620198,-0.045001688478,0.043517827205,-0.026341978016,0.005033405559
164,-0.026663379761,0.044350708814,-0.048836486673,0.032586455419,-0.042097570038,0.005699453525,0.001266738579,-0.007561449926,0.025213826495,-0.003806620198,-0.045001688478,0.043517827205,-0.026341978016
165,-0.030210676156,-0.026663379761,0.044350708814,-0.048836486673,0.032586455419,-0.042097570038,0.005699453525,0.001266738579,-0.007561449926,0.025213826495,-0.003806620198,-0.045001688478,0.043517827205
166,0.02199878533,-0.030210676156,-0.026663379761,0.044350708814,-0.048836486673,0.032586455419,-0.042097570038,0.005699453525,0.001266738579,-0.007561449926,0.025213826495,-0.003806620198,-0.045001688478
167,0.020643607347,0.02199878533,-0.030210676156,-0.026663379761,0.044350708814,-0.048836486673,0.032586455419,-0.042097570038,0.005699453525,0.001266738579,-0.007561449926,0.025213826495,-0.003806620198
168,0.010931511518,0.020643607347,0.02199878533,-0.030210676156,-0.026663379761,0.044350708814,-0.048836486673,0.032586455419,-0.042097570038,0.005699453525,0.001266738579,-0.007561449926,0.025213826495
169,-0.038509263959,0.010931511518,0.020643607347,0.02199878533,-0.030210676156,-0.026663379761,0.044350708814,-0.048836486673,0.032586455419,-0.042097570038,0.005699453525,0.001266738579,-0.007561449926
170,0.05059162874,-0.038509263959,0.010931511518,0.020643607347,0.02199878533,-0.030210676156,-0.026663379761,0.044350708814,-0.048836486673,0.032586455419,-0.042097570038,0.005699453525,0.001266738579
171,-0.04437177667,0.05059162874,-0.038509263959,0.010931511518,0.020643607347,0.02199878533,-0.030210676156,-0.026663379761,0.044350708814,-0.048836486673,0.032586455419,-0.042097570038,0.005699453525
172,0.063430511106,-0.04437177667,0.05059162874,-0.038509263959,0.010931511518,0.020643607347,0.02199878533,-0.030210676156,-0.026663379761,0.044350708814,-0.048836486673,0.032586455419,-0.042097570038
173,-0.034375297459,0.063430511106,-0.04437177667,0.05059162874,-0.038509263959,0.010931511518,0.020643607347,0.02199878533,-0.030210676156,-0.026663379761,0.044350708814,-0.048836486673,0.032586455419
174,0.000345369132,-0.034375297459,0.063430511106,-0.04437177667,0.05059162874,-0.038509263959,0.010931511518,0.020643607347,0.02199878533,-0.030210676156,-0.026663379761,0.044350708814,-0.048836486673
175,0.026526142702,0.000345369132,-0.034375297459,0.063430511106,-0.04437177667,0.05059162874,-0.038509263959,0.010931511518,0.020643607347,0.02199878533,-0.030210676156,-0.026663379761,0.044350708814
176,-0.043074781473,0.026526142702,0.000345369132,-0.034375297459,0.063430511106,-0.04437177667,0.05059162874,-0.038509263959,0.010931511518,0.020643607347,0.02199878533,-0.030210676156,-0.026663379761
177,-0.002759083763,-0.043074781473,0.026526142702,0.000345369132,-0.034375297459,0.063430511106,-0.04437177667,0.05059162874,-0.038509263959,0.010931511518,0.020643607347,0.02199878533,-0.030210676156
178,-0.007583704408,-0.002759083763,-0.043074781473,0.026526142702,0.000345369132,-0.034375297459,0.063430511106,-0.04437177667,0.05059162874,-0.038509263959,0.010931511518,0.020643607347,0.02199878533
179,-0.018495639611,-0.007583704408,-0.002759083763,-0.043074781473,0.026526142702,0.000345369132,-0.034375297459,0.063430511106,-0.04437177667,0.05059162874,-0.038509263959,0.010931511518,0.020643607347
180,0.036970158106,-0.018495639611,-0.007583704408,-0.002759083763,-0.043074781473,0.026526142702,0.000345369132,-0.034375297459,0.063430511106,-0.04437177667,0.05059162874,-0.038509263959,0.010931511518
181,-0.018384998295,0.036970158106,-0.018495639611,-0.007583704408,-0.002759083763,-0.043074781473,0.026526142702,0.000345369132,-0.034375297459,0.063430511106,-0.04437177667,0.05059162874,-0.038509263959
182,-0.003481118676,-0.018384998295,0.036970158106,-0.018495639611,-0.007583704408,-0.002759083763,-0.043074781473,0.026526142702,0.000345369132,-0.034375297459,0.063430511106,-0.04437177667,0.05059162874
183,0.014273386091,-0.003481118676,-0.018384998295,0.036970158106,-0.018495639611,-0.007583704408,-0.002759083763,-0.043074781473,0.026526142702,0.000345369132,-0.034375297459,0.063430511106,-0.04437177667
184,-0.024061720161,0.014273386091,-0.003481118676,-0.018384998295,0.036970158106,-0.018495639611,-0.007583704408,-0.002759083763,-0.043074781473,0.026526142702,0.000345369132,-0.034375297459,0.063430511106
185,0.011251922038,-0.024061720161,0.014273386091,-0.003481118676,-0.018384998295,0.036970158106,-0.018495639611,-0.007583704408,-0.002759083763,-0.043074781473,0.026526142702,0.000345369132,-0.034375297459
186,-0.001049782246,0.011251922038,-0.024061720161,0.014273386091,-0.003481118676,-0.018384998295,0.036970158106,-0.018495639611,-0.007583704408,-0.002759083763,-0.043074781473,0.026526142702,0.000345369132
187,0.017212320352,-0.001049782246,0.011251922038,-0.024061720161,0.014273386091,-0.003481118676,-0.018384998295,0.036970158106,-0.018495639611,-0.007583704408,-0.002759083763,-0.043074781473,0.026526142702
188,-0.004286136836,0.017212320352,-0.001049782246,0.011251922038,-0.024061720161,0.014273386091,-0.003481118676,-0.018384998295,0.036970158106,-0.018495639611,-0.007583704408,-0.002759083763,-0.043074781473
189,-0.001677581664,-0.004286136836,0.017212320352,-0.001049782246,0.011251922038,-0.024061720161,0.014273386091,-0.003481118676,-0.018384998295,0.036970158106,-0.018495639611,-0.007583704408,-0.002759083763
190,0.015223562123,-0.001677581664,-0.004286136836,0.017212320352,-0.001049782246,0.011251922038,-0.024061720161,0.014273386091,-0.003481118676,-0.018384998295,0.036970158106,-0.018495639611,-0.007583704408
191,0.00675174851977,0.015223562123,-0.001677581664,-0.004286136836,0.017212320352,-0.001049782246,0.011251922038,-0.024061720161,0.014273386091,-0.003481118676,-0.018384998295,0.036970158106,-0.018495639611
192,-0.0644068526389,0.00675174851977,0.015223562123,-0.001677581664,-0.004286136836,0.017212320352,-0.001049782246,0.011251922038,-0.024061720161,0.014273386091,-0.003481118676,-0.018384998295,0.036970158106
193,0.0747286824356,-0.0644068526389,0.00675174851977,0.015223562123,-0.001677581664,-0.004286136836,0.017212320352,-0.001049782246,0.011251922038,-0.024061720161,0.014273386091,-0.003481118676,-0.018384998295
194,-0.0193794681957,0.0747286824356,-0.0644068526389,0.00675174851977,0.015223562123,-0.001677581664,-0.004286136836,0.017212320352,-0.001049782246,0.011251922038,-0.024061720161,0.014273386091,-0.003481118676
195,0.014148092489,-0.0193794681957,0.0747286824356,-0.0644068526389,0.00675174851977,0.015223562123,-0.001677581664,-0.004286136836,0.017212320352,-0.001049782246,0.011251922038,-0.024061720161,0.014273386091
196,-0.0117804245652,0.014148092489,-0.0193794681957,0.0747286824356,-0.0644068526389,0.00675174851977,0.015223562123,-0.001677581664,-0.004286136836,0.017212320352,-0.001049782246,0.011251922038,-0.024061720161
197,-0.0180130883206,-0.0117804245652,0.014148092489,-0.0193794681957,0.0747286824356,-0.0644068526389,0.00675174851977,0.015223562123,-0.001677581664,-0.004286136836,0.017212320352,-0.001049782246,0.011251922038
198,-0.0402458371894,-0.0180130883206,-0.0117804245652,0.014148092489,-0.0193794681957,0.0747286824356,-0.0644068526389,0.00675174851977,0.015223562123,-0.001677581664,-0.004286136836,0.017212320352,-0.001049782246
199,0.035530804372,-0.0402458371894,-0.0180130883206,-0.0117804245652,0.014148092489,-0.0193794681957,0.0747286824356,-0.0644068526389,0.00675174851977,0.015223562123,-0.001677581664,-0.004286136836,0.017212320352
200,-0.00342126918916,0.035530804372,-0.0402458371894,-0.0180130883206,-0.0117804245652,0.014148092489,-0.0193794681957,0.0747286824356,-0.0644068526389,0.00675174851977,0.015223562123,-0.001677581664,-0.004286136836
201,0.0302996830311,-0.00342126918916,0.035530804372,-0.0402458371894,-0.0180130883206,-0.0117804245652,0.014148092489,-0.0193794681957,0.0747286824356,-0.0644068526389,0.00675174851977,0.015223562123,-0.001677581664
202,-0.00236503760023,0.0302996830311,-0.00342126918916,0.035530804372,-0.0402458371894,-0.0180130883206,-0.0117804245652,0.014148092489,-0.0193794681957,0.0747286824356,-0.0644068526389,0.00675174851977,0.015223562123
203,-0.0163381262491,-0.00236503760023,0.0302996830311,-0.00342126918916,0.035530804372,-0.0402458371894,-0.0180130883206,-0.0117804245652,0.014148092489,-0.0193794681957,0.0747286824356,-0.0644068526389,0.00675174851977
204,0.0221400542663,-0.0163381262491,-0.00236503760023,0.0302996830311,-0.00342126918916,0.035530804372,-0.0402458371894,-0.0180130883206,-0.0117804245652,0.014148092489,-0.0193794681957,0.0747286824356,-0.0644068526389
205,-0.0150712208075,0.0221400542663,-0.0163381262491,-0.00236503760023,0.0302996830311,-0.00342126918916,0.035530804372,-0.0402458371894,-0.0180130883206,-0.0117804245652,0.014148092489,-0.0193794681957,0.0747286824356
206,-0.00707801843454,-0.0150712208075,0.0221400542663,-0.0163381262491,-0.00236503760023,0.0302996830311,-0.00342126918916,0.035530804372,-0.0402458371894,-0.0180130883206,-0.0117804245652,0.014148092489,-0.0193794681957
207,-0.0152005020406,-0.00707801843454,-0.0150712208075,0.0221400542663,-0.0163381262491,-0.00236503760023,0.0302996830311,-0.00342126918916,0.035530804372,-0.0402458371894,-0.0180130883206,-0.0117804245652,0.014148092489
208,0.0224913290779,-0.0152005020406,-0.00707801843454,-0.0150712208075,0.0221400542663,-0.0163381262491,-0.00236503760023,0.0302996830311,-0.00342126918916,0.035530804372,-0.0402458371894,-0.0180130883206,-0.0117804245652
209,0.0301287325799,0.0224913290779,-0.0152005020406,-0.00707801843454,-0.0150712208075,0.0221400542663,-0.0163381262491,-0.00236503760023,0.0302996830311,-0.00342126918916,0.035530804372,-0.0402458371894,-0.0180130883206
210,-0.000744972803231,0.0301287325799,0.0224913290779,-0.0152005020406,-0.00707801843454,-0.0150712208075,0.0221400542663,-0.0163381262491,-0.00236503760023,0.0302996830311,-0.00342126918916,0.035530804372,-0.0402458371894
211,-0.0433937770198,-0.000744972803231,0.0301287325799,0.0224913290779,-0.0152005020406,-0.00707801843454,-0.0150712208075,0.0221400542663,-0.0163381262491,-0.00236503760023,0.0302996830311,-0.00342126918916,0.035530804372
212,0.00422760807687,-0.0433937770198,-0.000744972803231,0.0301287325799,0.0224913290779,-0.0152005020406,-0.00707801843454,-0.0150712208075,0.0221400542663,-0.0163381262491,-0.00236503760023,0.0302996830311,-0.00342126918916
213,-0.00916991889393,0.00422760807687,-0.0433937770198,-0.000744972803231,0.0301287325799,0.0224913290779,-0.0152005020406,-0.00707801843454,-0.0150712208075,0.0221400542663,-0.0163381262491,-0.00236503760023,0.0302996830311
214,0.018258448474,-0.00916991889393,0.00422760807687,-0.0433937770198,-0.000744972803231,0.0301287325799,0.0224913290779,-0.0152005020406,-0.00707801843454,-0.0150712208075,0.0221400542663,-0.0163381262491,-0.00236503760023
215,-4.71728563183e-05,0.018258448474,-0.00916991889393,0.00422760807687,-0.0433937770198,-0.000744972803231,0.0301287325799,0.0224913290779,-0.0152005020406,-0.00707801843454,-0.0150712208075,0.0221400542663,-0.0163381262491
216,0.04200592291,-4.71728563183e-05,0.018258448474,-0.00916991889393,0.00422760807687,-0.0433937770198,-0.000744972803231,0.0301287325799,0.0224913290779,-0.0152005020406,-0.00707801843454,-0.0150712208075,0.0221400542663
217,-0.0569436051245,0.04200592291,-4.71728563183e-05,0.018258448474,-0.00916991889393,0.00422760807687,-0.0433937770198,-0.000744972803231,0.0301287325799,0.0224913290779,-0.0152005020406,-0.00707801843454,-0.0150712208075
218,-0.00897259280082,-0.0569436051245,0.04200592291,-4.71728563183e-05,0.018258448474,-0.00916991889393,0.00422760807687,-0.0433937770198,-0.000744972803231,0.0301287325799,0.0224913290779,-0.0152005020406,-0.00707801843454
219,0.0383580416353,-0.00897259280082,-0.0569436051245,0.04200592291,-4.71728563183e-05,0.018258448474,-0.00916991889393,0.00422760807687,-0.0433937770198,-0.000744972803231,0.0301287325799,0.0224913290779,-0.0152005020406
220,-0.0255816759412,0.0383580416353,-0.00897259280082,-0.0569436051245,0.04200592291,-4.71728563183e-05,0.018258448474,-0.00916991889393,0.00422760807687,-0.0433937770198,-0.000744972803231,0.0301287325799,0.0224913290779
221,0.0614800227218,-0.0255816759412,0.0383580416353,-0.00897259280082,-0.0569436051245,0.04200592291,-4.71728563183e-05,0.018258448474,-0.00916991889393,0.00422760807687,-0.0433937770198,-0.000744972803231,0.0301287325799
222,-0.0364594764394,0.0614800227218,-0.0255816759412,0.0383580416353,-0.00897259280082,-0.0569436051245,0.04200592291,-4.71728563183e-05,0.018258448474,-0.00916991889393,0.00422760807687,-0.0433937770198,-0.000744972803231
223,-0.0365698410413,-0.0364594764394,0.0614800227218,-0.0255816759412,0.0383580416353,-0.00897259280082,-0.0569436051245,0.04200592291,-4.71728563183e-05,0.018258448474,-0.00916991889393,0.00422760807687,-0.0433937770198
224,0.0179669486573,-0.0365698410413,-0.0364594764394,0.0614800227218,-0.0255816759412,0.0383580416353,-0.00897259280082,-0.0569436051245,0.04200592291,-4.71728563183e-05,0.018258448474,-0.00916991889393,0.00422760807687
225,0.0397841319681,0.0179669486573,-0.0365698410413,-0.0364594764394,0.0614800227218,-0.0255816759412,0.0383580416353,-0.00897259280082,-0.0569436051245,0.04200592291,-4.71728563183e-05,0.018258448474,-0.00916991889393
226,-0.0236536075273,0.0397841319681,0.0179669486573,-0.0365698410413,-0.0364594764394,0.0614800227218,-0.0255816759412,0.0383580416353,-0.00897259280082,-0.0569436051245,0.04200592291,-4.71728563183e-05,0.018258448474
227,-0.0221599101464,-0.0236536075273,0.0397841319681,0.0179669486573,-0.0365698410413,-0.0364594764394,0.0614800227218,-0.0255816759412,0.0383580416353,-0.00897259280082,-0.0569436051245,0.04200592291,-4.71728563183e-05
228,-0.035211864975,-0.0221599101464,-0.0236536075273,0.0397841319681,0.0179669486573,-0.0365698410413,-0.0364594764394,0.0614800227218,-0.0255816759412,0.0383580416353,-0.00897259280082,-0.0569436051245,0.04200592291
229,0.061624582416,-0.035211864975,-0.0221599101464,-0.0236536075273,0.0397841319681,0.0179669486573,-0.0365698410413,-0.0364594764394,0.0614800227218,-0.0255816759412,0.0383580416353,-0.00897259280082,-0.0569436051245
230,-0.047054819687,0.061624582416,-0.035211864975,-0.0221599101464,-0.0236536075273,0.0397841319681,0.0179669486573,-0.0365698410413,-0.0364594764394,0.0614800227218,-0.0255816759412,0.0383580416353,-0.00897259280082
231,0.029148931672,-0.047054819687,0.061624582416,-0.035211864975,-0.0221599101464,-0.0236536075273,0.0397841319681,0.0179669486573,-0.0365698410413,-0.0364594764394,0.0614800227218,-0.0255816759412,0.0383580416353
232,-0.015113434391,0.029148931672,-0.047054819687,0.061624582416,-0.035211864975,-0.0221599101464,-0.0236536075273,0.0397841319681,0.0179669486573,-0.0365698410413,-0.0364594764394,0.0614800227218,-0.0255816759412
233,0.001026779697,-0.015113434391,0.029148931672,-0.047054819687,0.061624582416,-0.035211864975,-0.0221599101464,-0.0236536075273,0.0397841319681,0.0179669486573,-0.0365698410413,-0.0364594764394,0.0614800227218
234,0.008615540186,0.001026779697,-0.015113434391,0.029148931672,-0.047054819687,0.061624582416,-0.035211864975,-0.0221599101464,-0.0236536075273,0.0397841319681,0.0179669486573,-0.0365698410413,-0.0364594764394
235,0.012724387613,0.008615540186,0.001026779697,-0.015113434391,0.029148931672,-0.047054819687,0.061624582416,-0.035211864975,-0.0221599101464,-0.0236536075273,0.0397841319681,0.0179669486573,-0.0365698410413
236,-0.01942425185,0.012724387613,0.008615540186,0.001026779697,-0.015113434391,0.029148931672,-0.047054819687,0.061624582416,-0.035211864975,-0.0221599101464,-0.0236536075273,0.0397841319681,0.0179669486573
237,0.018753722904,-0.01942425185,0.012724387613,0.008615540186,0.001026779697,-0.015113434391,0.029148931672,-0.047054819687,0.061624582416,-0.035211864975,-0.0221599101464,-0.0236536075273,0.0397841319681
238,0.008987865629,0.018753722904,-0.01942425185,0.012724387613,0.008615540186,0.001026779697,-0.015113434391,0.029148931672,-0.047054819687,0.061624582416,-0.035211864975,-0.0221599101464,-0.0236536075273
239,-0.025733513637,0.008987865629,0.018753722904,-0.01942425185,0.012724387613,0.008615540186,0.001026779697,-0.015113434391,0.029148931672,-0.047054819687,0.061624582416,-0.035211864975,-0.0221599101464
240,0.007081232518,-0.025733513637,0.008987865629,0.018753722904,-0.01942425185,0.012724387613,0.008615540186,0.001026779697,-0.015113434391,0.029148931672,-0.047054819687,0.061624582416,-0.035211864975
241,-0.039749806103,0.007081232518,-0.025733513637,0.008987865629,0.018753722904,-0.01942425185,0.012724387613,0.008615540186,0.001026779697,-0.015113434391,0.029148931672,-0.047054819687,0.061624582416
242,0.005176467961,-0.039749806103,0.007081232518,-0.025733513637,0.008987865629,0.018753722904,-0.01942425185,0.012724387613,0.008615540186,0.001026779697,-0.015113434391,0.029148931672,-0.047054819687
243,0.059018302516,0.005176467961,-0.039749806103,0.007081232518,-0.025733513637,0.008987865629,0.018753722904,-0.01942425185,0.012724387613,0.008615540186,0.001026779697,-0.015113434391,0.029148931672
244,0.003713437919,0.059018302516,0.005176467961,-0.039749806103,0.007081232518,-0.025733513637,0.008987865629,0.018753722904,-0.01942425185,0.012724387613,0.008615540186,0.001026779697,-0.015113434391
245,-0.000304363614,0.003713437919,0.059018302516,0.005176467961,-0.039749806103,0.007081232518,-0.025733513637,0.008987865629,0.018753722904,-0.01942425185,0.012724387613,0.008615540186,0.001026779697
246,-0.030089215906,-0.000304363614,0.003713437919,0.059018302516,0.005176467961,-0.039749806103,0.007081232518,-0.025733513637,0.008987865629,0.018753722904,-0.01942425185,0.012724387613,0.008615540186
247,0.006333182776,-0.030089215906,-0.000304363614,0.003713437919,0.059018302516,0.005176467961,-0.039749806103,0.007081232518,-0.025733513637,0.008987865629,0.018753722904,-0.01942425185,0.012724387613
248,-0.017519451671,0.006333182776,-0.030089215906,-0.000304363614,0.003713437919,0.059018302516,0.005176467961,-0.039749806103,0.007081232518,-0.025733513637,0.008987865629,0.018753722904,-0.01942425185
249,0.000779065486,-0.017519451671,0.006333182776,-0.030089215906,-0.000304363614,0.003713437919,0.059018302516,0.005176467961,-0.039749806103,0.007081232518,-0.025733513637,0.008987865629,0.018753722904
250,0.158880783274,0.000779065486,-0.017519451671,0.006333182776,-0.030089215906,-0.000304363614,0.003713437919,0.059018302516,0.005176467961,-0.039749806103,0.007081232518,-0.025733513637,0.008987865629
251,-0.138888409606,0.158880783274,0.000779065486,-0.017519451671,0.006333182776,-0.030089215906,-0.000304363614,0.003713437919,0.059018302516,0.005176467961,-0.039749806103,0.007081232518,-0.025733513637
252,0.02035717074,-0.138888409606,0.158880783274,0.000779065486,-0.017519451671,0.006333182776,-0.030089215906,-0.000304363614,0.003713437919,0.059018302516,0.005176467961,-0.039749806103,0.007081232518
253,-0.068787486239,0.02035717074,-0.138888409606,0.158880783274,0.000779065486,-0.017519451671,0.006333182776,-0.030089215906,-0.000304363614,0.003713437919,0.059018302516,0.005176467961,-0.039749806103
254,0.055548024164,-0.068787486239,0.02035717074,-0.138888409606,0.158880783274,0.000779065486,-0.017519451671,0.006333182776,-0.030089215906,-0.000304363614,0.003713437919,0.059018302516,0.005176467961
255,-0.040241428722,0.055548024164,-0.068787486239,0.02035717074,-0.138888409606,0.158880783274,0.000779065486,-0.017519451671,0.006333182776,-0.030089215906,-0.000304363614,0.003713437919,0.059018302516
256,-0.011959709155,-0.040241428722,0.055548024164,-0.068787486239,0.02035717074,-0.138888409606,0.158880783274,0.000779065486,-0.017519451671,0.006333182776,-0.030089215906,-0.000304363614,0.003713437919
257,0.061518151116,-0.011959709155,-0.040241428722,0.055548024164,-0.068787486239,0.02035717074,-0.138888409606,0.158880783274,0.000779065486,-0.017519451671,0.006333182776,-0.030089215906,-0.000304363614
258,-0.038788119895,0.061518151116,-0.011959709155,-0.040241428722,0.055548024164,-0.068787486239,0.02035717074,-0.138888409606,0.158880783274,0.000779065486,-0.017519451671,0.006333182776,-0.030089215906
259,0.068761926521,-0.038788119895,0.061518151116,-0.011959709155,-0.040241428722,0.055548024164,-0.068787486239,0.02035717074,-0.138888409606,0.158880783274,0.000779065486,-0.017519451671,0.006333182776
260,-0.071311323457,0.068761926521,-0.038788119895,0.061518151116,-0.011959709155,-0.040241428722,0.055548024164,-0.068787486239,0.02035717074,-0.138888409606,0.158880783274,0.000779065486,-0.017519451671
261,-0.001579767462,-0.071311323457,0.068761926521,-0.038788119895,0.061518151116,-0.011959709155,-0.040241428722,0.055548024164,-0.068787486239,0.02035717074,-0.138888409606,0.158880783274,0.000779065486
262,0.028316072331,-0.001579767462,-0.071311323457,0.068761926521,-0.038788119895,0.061518151116,-0.011959709155,-0.040241428722,0.055548024164,-0.068787486239,0.02035717074,-0.138888409606,0.158880783274
263,-0.014559161534,0.028316072331,-0.001579767462,-0.071311323457,0.068761926521,-0.038788119895,0.061518151116,-0.011959709155,-0.040241428722,0.055548024164,-0.068787486239,0.02035717074,-0.138888409606
264,-0.027655839941,-0.014559161534,0.028316072331,-0.001579767462,-0.071311323457,0.068761926521,-0.038788119895,0.061518151116,-0.011959709155,-0.040241428722,0.055548024164,-0.068787486239,0.02035717074
265,0.03456952473,-0.027655839941,-0.014559161534,0.028316072331,-0.001579767462,-0.071311323457,0.068761926521,-0.038788119895,0.061518151116,-0.011959709155,-0.040241428722,0.055548024164,-0.068787486239
266,-0.016740231433,0.03456952473,-0.027655839941,-0.014559161534,0.028316072331,-0.001579767462,-0.071311323457,0.068761926521,-0.038788119895,0.061518151116,-0.011959709155,-0.040241428722,0.055548024164
267,0.009246898717,-0.016740231433,0.03456952473,-0.027655839941,-0.014559161534,0.028316072331,-0.001579767462,-0.071311323457,0.068761926521,-0.038788119895,0.061518151116,-0.011959709155,-0.040241428722
268,-0.017076985956,0.009246898717,-0.016740231433,0.03456952473,-0.027655839941,-0.014559161534,0.028316072331,-0.001579767462,-0.071311323457,0.068761926521,-0.038788119895,0.061518151116,-0.011959709155
269,-0.01020831093,-0.017076985956,0.009246898717,-0.016740231433,0.03456952473,-0.027655839941,-0.014559161534,0.028316072331,-0.001579767462,-0.071311323457,0.068761926521,-0.038788119895,0.061518151116
270,0.024302998726,-0.01020831093,-0.017076985956,0.009246898717,-0.016740231433,0.03456952473,-0.027655839941,-0.014559161534,0.028316072331,-0.001579767462,-0.071311323457,0.068761926521,-0.038788119895
271,-0.001370201068,0.024302998726,-0.01020831093,-0.017076985956,0.009246898717,-0.016740231433,0.03456952473,-0.027655839941,-0.014559161534,0.028316072331,-0.001579767462,-0.071311323457,0.068761926521
272,-0.011962515376,-0.001370201068,0.024302998726,-0.01020831093,-0.017076985956,0.009246898717,-0.016740231433,0.03456952473,-0.027655839941,-0.014559161534,0.028316072331,-0.001579767462,-0.071311323457
273,0.036210946344,-0.011962515376,-0.001370201068,0.024302998726,-0.01020831093,-0.017076985956,0.009246898717,-0.016740231433,0.03456952473,-0.027655839941,-0.014559161534,0.028316072331,-0.001579767462
274,-0.007857598195,0.036210946344,-0.011962515376,-0.001370201068,0.024302998726,-0.01020831093,-0.017076985956,0.009246898717,-0.016740231433,0.03456952473,-0.027655839941,-0.014559161534,0.028316072331
275,-0.016983124861,-0.007857598195,0.036210946344,-0.011962515376,-0.001370201068,0.024302998726,-0.01020831093,-0.017076985956,0.009246898717,-0.016740231433,0.03456952473,-0.027655839941,-0.014559161534
276,-0.01854155817,-0.016983124861,-0.007857598195,0.036210946344,-0.011962515376,-0.001370201068,0.024302998726,-0.01020831093,-0.017076985956,0.009246898717,-0.016740231433,0.03456952473,-0.027655839941
277,0.017001744392,-0.01854155817,-0.016983124861,-0.007857598195,0.036210946344,-0.011962515376,-0.001370201068,0.024302998726,-0.01020831093,-0.017076985956,0.009246898717,-0.016740231433,0.03456952473
278,-0.023176566541,0.017001744392,-0.01854155817,-0.016983124861,-0.007857598195,0.036210946344,-0.011962515376,-0.001370201068,0.024302998726,-0.01020831093,-0.017076985956,0.009246898717,-0.016740231433
279,0.012921397044,-0.023176566541,0.017001744392,-0.01854155817,-0.016983124861,-0.007857598195,0.036210946344,-0.011962515376,-0.001370201068,0.024302998726,-0.01020831093,-0.017076985956,0.009246898717
280,-0.058170714644,0.012921397044,-0.023176566541,0.017001744392,-0.01854155817,-0.016983124861,-0.007857598195,0.036210946344,-0.011962515376,-0.001370201068,0.024302998726,-0.01020831093,-0.017076985956
281,0.068394118958,-0.058170714644,0.012921397044,-0.023176566541,0.017001744392,-0.01854155817,-0.016983124861,-0.007857598195,0.036210946344,-0.011962515376,-0.001370201068,0.024302998726,-0.01020831093
282,0.023561319607,0.068394118958,-0.058170714644,0.012921397044,-0.023176566541,0.017001744392,-0.01854155817,-0.016983124861,-0.007857598195,0.036210946344,-0.011962515376,-0.001370201068,0.024302998726
283,-0.01008561775,0.023561319607,0.068394118958,-0.058170714644,0.012921397044,-0.023176566541,0.017001744392,-0.01854155817,-0.016983124861,-0.007857598195,0.036210946344,-0.011962515376,-0.001370201068
284,0.011905922685,-0.01008561775,0.023561319607,0.068394118958,-0.058170714644,0.012921397044,-0.023176566541,0.017001744392,-0.01854155817,-0.016983124861,-0.007857598195,0.036210946344,-0.011962515376
285,0.033297537966,0.011905922685,-0.01008561775,0.023561319607,0.068394118958,-0.058170714644,0.012921397044,-0.023176566541,0.017001744392,-0.01854155817,-0.016983124861,-0.007857598195,0.036210946344
286,-0.054283402344,0.033297537966,0.011905922685,-0.01008561775,0.023561319607,0.068394118958,-0.058170714644,0.012921397044,-0.023176566541,0.017001744392,-0.01854155817,-0.016983124861,-0.007857598195
287,-0.010680688782,-0.054283402344,0.033297537966,0.011905922685,-0.01008561775,0.023561319607,0.068394118958,-0.058170714644,0.012921397044,-0.023176566541,0.017001744392,-0.01854155817,-0.016983124861
288,0.040234901655,-0.010680688782,-0.054283402344,0.033297537966,0.011905922685,-0.01008561775,0.023561319607,0.068394118958,-0.058170714644,0.012921397044,-0.023176566541,0.017001744392,-0.01854155817
289,-0.054045537066,0.040234901655,-0.010680688782,-0.054283402344,0.033297537966,0.011905922685,-0.01008561775,0.023561319607,0.068394118958,-0.058170714644,0.012921397044,-0.023176566541,0.017001744392
290,0.004154436684,-0.054045537066,0.040234901655,-0.010680688782,-0.054283402344,0.033297537966,0.011905922685,-0.01008561775,0.023561319607,0.068394118958,-0.058170714644,0.012921397044,-0.023176566541
291,0.074904122132,0.004154436684,-0.054045537066,0.040234901655,-0.010680688782,-0.054283402344,0.033297537966,0.011905922685,-0.01008561775,0.023561319607,0.068394118958,-0.058170714644,0.012921397044
292,-0.040696239999,0.074904122132,0.004154436684,-0.054045537066,0.040234901655,-0.010680688782,-0.054283402344,0.033297537966,0.011905922685,-0.01008561775,0.023561319607,0.068394118958,-0.058170714644
293,-0.012815234117,-0.040696239999,0.074904122132,0.004154436684,-0.054045537066,0.040234901655,-0.010680688782,-0.054283402344,0.033297537966,0.011905922685,-0.01008561775,0.023561319607,0.068394118958
294,-0.013582754363,-0.012815234117,-0.040696239999,0.074904122132,0.004154436684,-0.054045537066,0.040234901655,-0.010680688782,-0.054283402344,0.033297537966,0.011905922685,-0.01008561775,0.023561319607
295,0.054671301844,-0.013582754363,-0.012815234117,-0.040696239999,0.074904122132,0.004154436684,-0.054045537066,0.040234901655,-0.010680688782,-0.054283402344,0.033297537966,0.011905922685,-0.01008561775
296,-0.010838652903,0.054671301844,-0.013582754363,-0.012815234117,-0.040696239999,0.074904122132,0.004154436684,-0.054045537066,0.040234901655,-0.010680688782,-0.054283402344,0.033297537966,0.011905922685
297,0.020174612715,-0.010838652903,0.054671301844,-0.013582754363,-0.012815234117,-0.040696239999,0.074904122132,0.004154436684,-0.054045537066,0.040234901655,-0.010680688782,-0.054283402344,0.033297537966
298,-0.010786624128,0.020174612715,-0.010838652903,0.054671301844,-0.013582754363,-0.012815234117,-0.040696239999,0.074904122132,0.004154436684,-0.054045537066,0.040234901655,-0.010680688782,-0.054283402344
299,-0.014061040083,-0.010786624128,0.020174612715,-0.010838652903,0.054671301844,-0.013582754363,-0.012815234117,-0.040696239999,0.074904122132,0.004154436684,-0.054045537066,0.040234901655,-0.010680688782
300,-0.026790556722,-0.014061040083,-0.010786624128,0.020174612715,-0.010838652903,0.054671301844,-0.013582754363,-0.012815234117,-0.040696239999,0.074904122132,0.004154436684,-0.054045537066,0.040234901655
301,0.060154032127,-0.026790556722,-0.014061040083,-0.010786624128,0.020174612715,-0.010838652903,0.054671301844,-0.013582754363,-0.012815234117,-0.040696239999,0.074904122132,0.004154436684,-0.054045537066
302,-0.097335893987,0.060154032127,-0.026790556722,-0.014061040083,-0.010786624128,0.020174612715,-0.010838652903,0.054671301844,-0.013582754363,-0.012815234117,-0.040696239999,0.074904122132,0.004154436684
303,0.082724195173,-0.097335893987,0.060154032127,-0.026790556722,-0.014061040083,-0.010786624128,0.020174612715,-0.010838652903,0.054671301844,-0.013582754363,-0.012815234117,-0.040696239999,0.074904122132
304,-0.034635267306,0.082724195173,-0.097335893987,0.060154032127,-0.026790556722,-0.014061040083,-0.010786624128,0.020174612715,-0.010838652903,0.054671301844,-0.013582754363,-0.012815234117,-0.040696239999
305,-0.006662721803,-0.034635267306,0.082724195173,-0.097335893987,0.060154032127,-0.026790556722,-0.014061040083,-0.010786624128,0.020174612715,-0.010838652903,0.054671301844,-0.013582754363,-0.012815234117
306,-0.001437279856,-0.006662721803,-0.034635267306,0.082724195173,-0.097335893987,0.060154032127,-0.026790556722,-0.014061040083,-0.010786624128,0.020174612715,-0.010838652903,0.054671301844,-0.013582754363
307,-0.010265145275,-0.001437279856,-0.006662721803,-0.034635267306,0.082724195173,-0.097335893987,0.060154032127,-0.026790556722,-0.014061040083,-0.010786624128,0.020174612715,-0.010838652903,0.054671301844
308,-0.0123451713,-0.010265145275,-0.001437279856,-0.006662721803,-0.034635267306,0.082724195173,-0.097335893987,0.060154032127,-0.026790556722,-0.014061040083,-0.010786624128,0.020174612715,-0.010838652903
309,0.006127094931,-0.0123451713,-0.010265145275,-0.001437279856,-0.006662721803,-0.034635267306,0.082724195173,-0.097335893987,0.060154032127,-0.026790556722,-0.014061040083,-0.010786624128,0.020174612715
310,-0.005174672366,0.006127094931,-0.0123451713,-0.010265145275,-0.001437279856,-0.006662721803,-0.034635267306,0.082724195173,-0.097335893987,0.060154032127,-0.026790556722,-0.014061040083,-0.010786624128
311,0.0353534347648,-0.005174672366,0.006127094931,-0.0123451713,-0.010265145275,-0.001437279856,-0.006662721803,-0.034635267306,0.082724195173,-0.097335893987,0.060154032127,-0.026790556722,-0.014061040083
312,-0.000325652261791,0.0353534347648,-0.005174672366,0.006127094931,-0.0123451713,-0.010265145275,-0.001437279856,-0.006662721803,-0.034635267306,0.082724195173,-0.097335893987,0.060154032127,-0.026790556722
313,0.0154384924469,-0.000325652261791,0.0353534347648,-0.005174672366,0.006127094931,-0.0123451713,-0.010265145275,-0.001437279856,-0.006662721803,-0.034635267306,0.082724195173,-0.097335893987,0.060154032127
314,-0.0363875415505,0.0154384924469,-0.000325652261791,0.0353534347648,-0.005174672366,0.006127094931,-0.0123451713,-0.010265145275,-0.001437279856,-0.006662721803,-0.034635267306,0.082724195173,-0.097335893987
315,0.00566003393982,-0.0363875415505,0.0154384924469,-0.000325652261791,0.0353534347648,-0.005174672366,0.006127094931,-0.0123451713,-0.010265145275,-0.001437279856,-0.006662721803,-0.034635267306,0.082724195173
316,-0.00284885130498,0.00566003393982,-0.0363875415505,0.0154384924469,-0.000325652261791,0.0353534347648,-0.005174672366,0.006127094931,-0.0123451713,-0.010265145275,-0.001437279856,-0.006662721803,-0.034635267306
317,0.0068386226036,-0.00284885130498,0.00566003393982,-0.0363875415505,0.0154384924469,-0.000325652261791,0.0353534347648,-0.005174672366,0.006127094931,-0.0123451713,-0.010265145275,-0.001437279856,-0.006662721803
318,0.000556375751301,0.0068386226036,-0.00284885130498,0.00566003393982,-0.0363875415505,0.0154384924469,-0.000325652261791,0.0353534347648,-0.005174672366,0.006127094931,-0.0123451713,-0.010265145275,-0.001437279856
319,0.0175065540837,0.000556375751301,0.0068386226036,-0.00284885130498,0.00566003393982,-0.0363875415505,0.0154384924469,-0.000325652261791,0.0353534347648,-0.005174672366,0.006127094931,-0.0123451713,-0.010265145275
320,-0.00634467464858,0.0175065540837,0.000556375751301,0.0068386226036,-0.00284885130498,0.00566003393982,-0.0363875415505,0.0154384924469,-0.000325652261791,0.0353534347648,-0.005174672366,0.006127094931,-0.0123451713
321,0.00663985591739,-0.00634467464858,0.0175065540837,0.000556375751301,0.0068386226036,-0.00284885130498,0.00566003393982,-0.0363875415505,0.0154384924469,-0.000325652261791,0.0353534347648,-0.005174672366,0.006127094931
322,-0.00539208870254,0.00663985591739,-0.00634467464858,0.0175065540837,0.000556375751301,0.0068386226036,-0.00284885130498,0.00566003393982,-0.0363875415505,0.0154384924469,-0.000325652261791,0.0353534347648,-0.005174672366
323,0.00400094070817,-0.00539208870254,0.00663985591739,-0.00634467464858,0.0175065540837,0.000556375751301,0.0068386226036,-0.00284885130498,0.00566003393982,-0.0363875415505,0.0154384924469,-0.000325652261791,0.0353534347648
324,0.00855537836429,0.00400094070817,-0.00539208870254,0.00663985591739,-0.00634467464858,0.0175065540837,0.000556375751301,0.0068386226036,-0.00284885130498,0.00566003393982,-0.0363875415505,0.0154384924469,-0.000325652261791
325,-0.00271379212909,0.00855537836429,0.00400094070817,-0.00539208870254,0.00663985591739,-0.00634467464858,0.0175065540837,0.000556375751301,0.0068386226036,-0.00284885130498,0.00566003393982,-0.0363875415505,0.0154384924469
326,0.00922568651655,-0.00271379212909,0.00855537836429,0.00400094070817,-0.00539208870254,0.00663985591739,-0.00634467464858,0.0175065540837,0.000556375751301,0.0068386226036,-0.00284885130498,0.00566003393982,-0.0363875415505
327,-0.0465842147037,0.00922568651655,-0.00271379212909,0.00855537836429,0.00400094070817,-0.00539208870254,0.00663985591739,-0.00634467464858,0.0175065540837,0.000556375751301,0.0068386226036,-0.00284885130498,0.00566003393982
328,0.025981254197,-0.0465842147037,0.00922568651655,-0.00271379212909,0.00855537836429,0.00400094070817,-0.00539208870254,0.00663985591739,-0.00634467464858,0.0175065540837,0.000556375751301,0.0068386226036,-0.00284885130498
329,0.00340150988529,0.025981254197,-0.0465842147037,0.00922568651655,-0.00271379212909,0.00855537836429,0.00400094070817,-0.00539208870254,0.00663985591739,-0.00634467464858,0.0175065540837,0.000556375751301,0.0068386226036
330,-0.00210280563587,0.00340150988529,0.025981254197,-0.0465842147037,0.00922568651655,-0.00271379212909,0.00855537836429,0.00400094070817,-0.00539208870254,0.00663985591739,-0.00634467464858,0.0175065540837,0.000556375751301
331,0.0058747411469,-0.00210280563587,0.00340150988529,0.025981254197,-0.0465842147037,0.00922568651655,-0.00271379212909,0.00855537836429,0.00400094070817,-0.00539208870254,0.00663985591739,-0.00634467464858,0.0175065540837
332,-0.0177222423174,0.0058747411469,-0.00210280563587,0.00340150988529,0.025981254197,-0.0465842147037,0.00922568651655,-0.00271379212909,0.00855537836429,0.00400094070817,-0.00539208870254,0.00663985591739,-0.00634467464858
333,-0.00179666948431,-0.0177222423174,0.0058747411469,-0.00210280563587,0.00340150988529,0.025981254197,-0.0465842147037,0.00922568651655,-0.00271379212909,0.00855537836429,0.00400094070817,-0.00539208870254,0.00663985591739
334,-0.00779517595897,-0.00179666948431,-0.0177222423174,0.0058747411469,-0.00210280563587,0.00340150988529,0.025981254197,-0.0465842147037,0.00922568651655,-0.00271379212909,0.00855537836429,0.00400094070817,-0.00539208870254
335,0.034629720995,-0.00779517595897,-0.00179666948431,-0.0177222423174,0.0058747411469,-0.00210280563587,0.00340150988529,0.025981254197,-0.0465842147037,0.00922568651655,-0.00271379212909,0.00855537836429,0.00400094070817
336,0.0223005332566,0.034629720995,-0.00779517595897,-0.00179666948431,-0.0177222423174,0.0058747411469,-0.00210280563587,0.00340150988529,0.025981254197,-0.0465842147037,0.00922568651655,-0.00271379212909,0.00855537836429
337,-0.0315922387956,0.0223005332566,0.034629720995,-0.00779517595897,-0.00179666948431,-0.0177222423174,0.0058747411469,-0.00210280563587,0.00340150988529,0.025981254197,-0.0465842147037,0.00922568651655,-0.00271379212909
338,0.0389096333187,-0.0315922387956,0.0223005332566,0.034629720995,-0.00779517595897,-0.00179666948431,-0.0177222423174,0.0058747411469,-0.00210280563587,0.00340150988529,0.025981254197,-0.0465842147037,0.00922568651655
339,0.0183830141414,0.0389096333187,-0.0315922387956,0.0223005332566,0.034629720995,-0.00779517595897,-0.00179666948431,-0.0177222423174,0.0058747411469,-0.00210280563587,0.00340150988529,0.025981254197,-0.0465842147037
340,-0.038632901931,0.0183830141414,0.0389096333187,-0.0315922387956,0.0223005332566,0.034629720995,-0.00779517595897,-0.00179666948431,-0.0177222423174,0.0058747411469,-0.00210280563587,0.00340150988529,0.025981254197
341,0.00139627728869,-0.038632901931,0.0183830141414,0.0389096333187,-0.0315922387956,0.0223005332566,0.034629720995,-0.00779517595897,-0.00179666948431,-0.0177222423174,0.0058747411469,-0.00210280563587,0.00340150988529
342,-0.0817541681657,0.00139627728869,-0.038632901931,0.0183830141414,0.0389096333187,-0.0315922387956,0.0223005332566,0.034629720995,-0.00779517595897,-0.00179666948431,-0.0177222423174,0.0058747411469,-0.00210280563587
343,0.0517013372585,-0.0817541681657,0.00139627728869,-0.038632901931,0.0183830141414,0.0389096333187,-0.0315922387956,0.0223005332566,0.034629720995,-0.00779517595897,-0.00179666948431,-0.0177222423174,0.0058747411469
344,0.0137498103658,0.0517013372585,-0.0817541681657,0.00139627728869,-0.038632901931,0.0183830141414,0.0389096333187,-0.0315922387956,0.0223005332566,0.034629720995,-0.00779517595897,-0.00179666948431,-0.0177222423174
345,0.0167818100997,0.0137498103658,0.0517013372585,-0.0817541681657,0.00139627728869,-0.038632901931,0.0183830141414,0.0389096333187,-0.0315922387956,0.0223005332566,0.034629720995,-0.00779517595897,-0.00179666948431
346,0.0138588732197,0.0167818100997,0.0137498103658,0.0517013372585,-0.0817541681657,0.00139627728869,-0.038632901931,0.0183830141414,0.0389096333187,-0.0315922387956,0.0223005332566,0.034629720995,-0.00779517595897
347,-0.0278694914359,0.0138588732197,0.0167818100997,0.0137498103658,0.0517013372585,-0.0817541681657,0.00139627728869,-0.038632901931,0.0183830141414,0.0389096333187,-0.0315922387956,0.0223005332566,0.034629720995
348,-0.00804545343257,-0.0278694914359,0.0138588732197,0.0167818100997,0.0137498103658,0.0517013372585,-0.0817541681657,0.00139627728869,-0.038632901931,0.0183830141414,0.0389096333187,-0.0315922387956,0.0223005332566
349,0.0558015705842,-0.00804545343257,-0.0278694914359,0.0138588732197,0.0167818100997,0.0137498103658,0.0517013372585,-0.0817541681657,0.00139627728869,-0.038632901931,0.0183830141414,0.0389096333187,-0.0315922387956
350,-0.0846204579001,0.0558015705842,-0.00804545343257,-0.0278694914359,0.0138588732197,0.0167818100997,0.0137498103658,0.0517013372585,-0.0817541681657,0.00139627728869,-0.038632901931,0.0183830141414,0.0389096333187
351,0.00981718113404,-0.0846204579001,0.0558015705842,-0.00804545343257,-0.0278694914359,0.0138588732197,0.0167818100997,0.0137498103658,0.0517013372585,-0.0817541681657,0.00139627728869,-0.038632901931,0.0183830141414
352,0.0234177153122,0.00981718113404,-0.0846204579001,0.0558015705842,-0.00804545343257,-0.0278694914359,0.0138588732197,0.0167818100997,0.0137498103658,0.0517013372585,-0.0817541681657,0.00139627728869,-0.038632901931
353,-0.00143789321782,0.0234177153122,0.00981718113404,-0.0846204579001,0.0558015705842,-0.00804545343257,-0.0278694914359,0.0138588732197,0.0167818100997,0.0137498103658,0.0517013372585,-0.0817541681657,0.00139627728869
354,-0.00934028264047,-0.00143789321782,0.0234177153122,0.00981718113404,-0.0846204579001,0.0558015705842,-0.00804545343257,-0.0278694914359,0.0138588732197,0.0167818100997,0.0137498103658,0.0517013372585,-0.0817541681657
355,0.0267642148531,-0.00934028264047,-0.00143789321782,0.0234177153122,0.00981718113404,-0.0846204579001,0.0558015705842,-0.00804545343257,-0.0278694914359,0.0138588732197,0.0167818100997,0.0137498103658,0.0517013372585
356,-0.0285568011766,0.0267642148531,-0.00934028264047,-0.00143789321782,0.0234177153122,0.00981718113404,-0.0846204579001,0.0558015705842,-0.00804545343257,-0.0278694914359,0.0138588732197,0.0167818100997,0.0137498103658
357,0.0461543722203,-0.0285568011766,0.0267642148531,-0.00934028264047,-0.00143789321782,0.0234177153122,0.00981718113404,-0.0846204579001,0.0558015705842,-0.00804545343257,-0.0278694914359,0.0138588732197,0.0167818100997
358,-0.0489852197709,0.0461543722203,-0.0285568011766,0.0267642148531,-0.00934028264047,-0.00143789321782,0.0234177153122,0.00981718113404,-0.0846204579001,0.0558015705842,-0.00804545343257,-0.0278694914359,0.0138588732197
359,-0.00997570729134,-0.0489852197709,0.0461543722203,-0.0285568011766,0.0267642148531,-0.00934028264047,-0.00143789321782,0.0234177153122,0.00981718113404,-0.0846204579001,0.0558015705842,-0.00804545343257,-0.0278694914359
360,-0.00387717744023,-0.00997570729134,-0.0489852197709,0.0461543722203,-0.0285568011766,0.0267642148531,-0.00934028264047,-0.00143789321782,0.0234177153122,0.00981718113404,-0.0846204579001,0.0558015705842,-0.00804545343257
361,0.0328750605198,-0.00387717744023,-0.00997570729134,-0.0489852197709,0.0461543722203,-0.0285568011766,0.0267642148531,-0.00934028264047,-0.00143789321782,0.0234177153122,0.00981718113404,-0.0846204579001,0.0558015705842
362,-0.0236506465084,0.0328750605198,-0.00387717744023,-0.00997570729134,-0.0489852197709,0.0461543722203,-0.0285568011766,0.0267642148531,-0.00934028264047,-0.00143789321782,0.0234177153122,0.00981718113404,-0.0846204579001
363,0.0294401211504,-0.0236506465084,0.0328750605198,-0.00387717744023,-0.00997570729134,-0.0489852197709,0.0461543722203,-0.0285568011766,0.0267642148531,-0.00934028264047,-0.00143789321782,0.0234177153122,0.00981718113404
364,0.0420289337039,0.0294401211504,-0.0236506465084,0.0328750605198,-0.00387717744023,-0.00997570729134,-0.0489852197709,0.0461543722203,-0.0285568011766,0.0267642148531,-0.00934028264047,-0.00143789321782,0.0234177153122
365,-0.0490227612082,0.0420289337039,0.0294401211504,-0.0236506465084,0.0328750605198,-0.00387717744023,-0.00997570729134,-0.0489852197709,0.0461543722203,-0.0285568011766,0.0267642148531,-0.00934028264047,-0.00143789321782
366,0.00884472050972,-0.0490227612082,0.0420289337039,0.0294401211504,-0.0236506465084,0.0328750605198,-0.00387717744023,-0.00997570729134,-0.0489852197709,0.0461543722203,-0.0285568011766,0.0267642148531,-0.00934028264047
367,-0.00106893618133,0.00884472050972,-0.0490227612082,0.0420289337039,0.0294401211504,-0.0236506465084,0.0328750605198,-0.00387717744023,-0.00997570729134,-0.0489852197709,0.0461543722203,-0.0285568011766,0.0267642148531
368,-0.0973299184747,-0.00106893618133,0.00884472050972,-0.0490227612082,0.0420289337039,0.0294401211504,-0.0236506465084,0.0328750605198,-0.00387717744023,-0.00997570729134,-0.0489852197709,0.0461543722203,-0.0285568011766
369,0.0988808085341,-0.0973299184747,-0.00106893618133,0.00884472050972,-0.0490227612082,0.0420289337039,0.0294401211504,-0.0236506465084,0.0328750605198,-0.00387717744023,-0.00997570729134,-0.0489852197709,0.0461543722203
370,-0.00134858152039,0.0988808085341,-0.0973299184747,-0.00106893618133,0.00884472050972,-0.0490227612082,0.0420289337039,0.0294401211504,-0.0236506465084,0.0328750605198,-0.00387717744023,-0.00997570729134,-0.0489852197709
371,-0.0608653391796,-0.00134858152039,0.0988808085341,-0.0973299184747,-0.00106893618133,0.00884472050972,-0.0490227612082,0.0420289337039,0.0294401211504,-0.0236506465084,0.0328750605198,-0.00387717744023,-0.00997570729134
372,0.051136480093,-0.0608653391796,-0.00134858152039,0.0988808085341,-0.0973299184747,-0.00106893618133,0.00884472050972,-0.0490227612082,0.0420289337039,0.0294401211504,-0.0236506465084,0.0328750605198,-0.00387717744023
373,-0.001082474424,0.051136480093,-0.0608653391796,-0.00134858152039,0.0988808085341,-0.0973299184747,-0.00106893618133,0.00884472050972,-0.0490227612082,0.0420289337039,0.0294401211504,-0.0236506465084,0.0328750605198
374,0.015901235184,-0.001082474424,0.051136480093,-0.0608653391796,-0.00134858152039,0.0988808085341,-0.0973299184747,-0.00106893618133,0.00884472050972,-0.0490227612082,0.0420289337039,0.0294401211504,-0.0236506465084
375,-0.018313966103,0.015901235184,-0.001082474424,0.051136480093,-0.0608653391796,-0.00134858152039,0.0988808085341,-0.0973299184747,-0.00106893618133,0.00884472050972,-0.0490227612082,0.0420289337039,0.0294401211504
376,0.000537436407,-0.018313966103,0.015901235184,-0.001082474424,0.051136480093,-0.0608653391796,-0.00134858152039,0.0988808085341,-0.0973299184747,-0.00106893618133,0.00884472050972,-0.0490227612082,0.0420289337039
377,0.011219743491,0.000537436407,-0.018313966103,0.015901235184,-0.001082474424,0.051136480093,-0.0608653391796,-0.00134858152039,0.0988808085341,-0.0973299184747,-0.00106893618133,0.00884472050972,-0.0490227612082
378,-0.065908169636,0.011219743491,0.000537436407,-0.018313966103,0.015901235184,-0.001082474424,0.051136480093,-0.0608653391796,-0.00134858152039,0.0988808085341,-0.0973299184747,-0.00106893618133,0.00884472050972
379,0.045459892453,-0.065908169636,0.011219743491,0.000537436407,-0.018313966103,0.015901235184,-0.001082474424,0.051136480093,-0.0608653391796,-0.00134858152039,0.0988808085341,-0.0973299184747,-0.00106893618133
380,0.025318527297,0.045459892453,-0.065908169636,0.011219743491,0.000537436407,-0.018313966103,0.015901235184,-0.001082474424,0.051136480093,-0.0608653391796,-0.00134858152039,0.0988808085341,-0.0973299184747
381,-0.019816402214,0.025318527297,0.045459892453,-0.065908169636,0.011219743491,0.000537436407,-0.018313966103,0.015901235184,-0.001082474424,0.051136480093,-0.0608653391796,-0.00134858152039,0.0988808085341
382,0.00379867642,-0.019816402214,0.025318527297,0.045459892453,-0.065908169636,0.011219743491,0.000537436407,-0.018313966103,0.015901235184,-0.001082474424,0.051136480093,-0.0608653391796,-0.00134858152039
383,-0.001382382684,0.00379867642,-0.019816402214,0.025318527297,0.045459892453,-0.065908169636,0.011219743491,0.000537436407,-0.018313966103,0.015901235184,-0.001082474424,0.051136480093,-0.0608653391796
384,-0.038871098266,-0.001382382684,0.00379867642,-0.019816402214,0.025318527297,0.045459892453,-0.065908169636,0.011219743491,0.000537436407,-0.018313966103,0.015901235184,-0.001082474424,0.051136480093
385,0.035309156244,-0.038871098266,-0.001382382684,0.00379867642,-0.019816402214,0.025318527297,0.045459892453,-0.065908169636,0.011219743491,0.000537436407,-0.018313966103,0.015901235184,-0.001082474424
386,-0.011391940907,0.035309156244,-0.038871098266,-0.001382382684,0.00379867642,-0.019816402214,0.025318527297,0.045459892453,-0.065908169636,0.011219743491,0.000537436407,-0.018313966103,0.015901235184
387,0.014002304571,-0.011391940907,0.035309156244,-0.038871098266,-0.001382382684,0.00379867642,-0.019816402214,0.025318527297,0.045459892453,-0.065908169636,0.011219743491,0.000537436407,-0.018313966103
388,0.026960436965,0.014002304571,-0.011391940907,0.035309156244,-0.038871098266,-0.001382382684,0.00379867642,-0.019816402214,0.025318527297,0.045459892453,-0.065908169636,0.011219743491,0.000537436407
389,0.012683606481,0.026960436965,0.014002304571,-0.011391940907,0.035309156244,-0.038871098266,-0.001382382684,0.00379867642,-0.019816402214,0.025318527297,0.045459892453,-0.065908169636,0.011219743491
390,-0.0469836043,0.012683606481,0.026960436965,0.014002304571,-0.011391940907,0.035309156244,-0.038871098266,-0.001382382684,0.00379867642,-0.019816402214,0.025318527297,0.045459892453,-0.065908169636
391,0.028029563741,-0.0469836043,0.012683606481,0.026960436965,0.014002304571,-0.011391940907,0.035309156244,-0.038871098266,-0.001382382684,0.00379867642,-0.019816402214,0.025318527297,0.045459892453
392,-0.032245998143,0.028029563741,-0.0469836043,0.012683606481,0.026960436965,0.014002304571,-0.011391940907,0.035309156244,-0.038871098266,-0.001382382684,0.00379867642,-0.019816402214,0.025318527297
393,-0.018988816359,-0.032245998143,0.028029563741,-0.0469836043,0.012683606481,0.026960436965,0.014002304571,-0.011391940907,0.035309156244,-0.038871098266,-0.001382382684,0.00379867642,-0.019816402214
394,-0.019124061682,-0.018988816359,-0.032245998143,0.028029563741,-0.0469836043,0.012683606481,0.026960436965,0.014002304571,-0.011391940907,0.035309156244,-0.038871098266,-0.001382382684,0.00379867642
395,0.038023947307,-0.019124061682,-0.018988816359,-0.032245998143,0.028029563741,-0.0469836043,0.012683606481,0.026960436965,0.014002304571,-0.011391940907,0.035309156244,-0.038871098266,-0.001382382684
396,0.040342778636,0.038023947307,-0.019124061682,-0.018988816359,-0.032245998143,0.028029563741,-0.0469836043,0.012683606481,0.026960436965,0.014002304571,-0.011391940907,0.035309156244,-0.038871098266
397,-0.048413879737,0.040342778636,0.038023947307,-0.019124061682,-0.018988816359,-0.032245998143,0.028029563741,-0.0469836043,0.012683606481,0.026960436965,0.014002304571,-0.011391940907,0.035309156244
398,0.070652877449,-0.048413879737,0.040342778636,0.038023947307,-0.019124061682,-0.018988816359,-0.032245998143,0.028029563741,-0.0469836043,0.012683606481,0.026960436965,0.014002304571,-0.011391940907
399,-0.022390341513,0.070652877449,-0.048413879737,0.040342778636,0.038023947307,-0.019124061682,-0.018988816359,-0.032245998143,0.028029563741,-0.0469836043,0.012683606481,0.026960436965,0.014002304571
400,0.006837497798,-0.022390341513,0.070652877449,-0.048413879737,0.040342778636,0.038023947307,-0.019124061682,-0.018988816359,-0.032245998143,0.028029563741,-0.0469836043,0.012683606481,0.026960436965
401,-0.040944643912,0.006837497798,-0.022390341513,0.070652877449,-0.048413879737,0.040342778636,0.038023947307,-0.019124061682,-0.018988816359,-0.032245998143,0.028029563741,-0.0469836043,0.012683606481
402,-0.041917006652,-0.040944643912,0.006837497798,-0.022390341513,0.070652877449,-0.048413879737,0.040342778636,0.038023947307,-0.019124061682,-0.018988816359,-0.032245998143,0.028029563741,-0.0469836043
403,0.054964946308,-0.041917006652,-0.040944643912,0.006837497798,-0.022390341513,0.070652877449,-0.048413879737,0.040342778636,0.038023947307,-0.019124061682,-0.018988816359,-0.032245998143,0.028029563741
404,-0.002213375704,0.054964946308,-0.041917006652,-0.040944643912,0.006837497798,-0.022390341513,0.070652877449,-0.048413879737,0.040342778636,0.038023947307,-0.019124061682,-0.018988816359,-0.032245998143
405,0.013795742549,-0.002213375704,0.054964946308,-0.041917006652,-0.040944643912,0.006837497798,-0.022390341513,0.070652877449,-0.048413879737,0.040342778636,0.038023947307,-0.019124061682,-0.018988816359
406,-0.059661264882,0.013795742549,-0.002213375704,0.054964946308,-0.041917006652,-0.040944643912,0.006837497798,-0.022390341513,0.070652877449,-0.048413879737,0.040342778636,0.038023947307,-0.019124061682
407,0.018761894039,-0.059661264882,0.013795742549,-0.002213375704,0.054964946308,-0.041917006652,-0.040944643912,0.006837497798,-0.022390341513,0.070652877449,-0.048413879737,0.040342778636,0.038023947307
408,0.038048915152,0.018761894039,-0.059661264882,0.013795742549,-0.002213375704,0.054964946308,-0.041917006652,-0.040944643912,0.006837497798,-0.022390341513,0.070652877449,-0.048413879737,0.040342778636
409,-0.036372981196,0.038048915152,0.018761894039,-0.059661264882,0.013795742549,-0.002213375704,0.054964946308,-0.041917006652,-0.040944643912,0.006837497798,-0.022390341513,0.070652877449,-0.048413879737
410,0.032751056575,-0.036372981196,0.038048915152,0.018761894039,-0.059661264882,0.013795742549,-0.002213375704,0.054964946308,-0.041917006652,-0.040944643912,0.006837497798,-0.022390341513,0.070652877449
411,-0.029650712872,0.032751056575,-0.036372981196,0.038048915152,0.018761894039,-0.059661264882,0.013795742549,-0.002213375704,0.054964946308,-0.041917006652,-0.040944643912,0.006837497798,-0.022390341513
412,0.007085799487,-0.029650712872,0.032751056575,-0.036372981196,0.038048915152,0.018761894039,-0.059661264882,0.013795742549,-0.002213375704,0.054964946308,-0.041917006652,-0.040944643912,0.006837497798
413,0.029886693703,0.007085799487,-0.029650712872,0.032751056575,-0.036372981196,0.038048915152,0.018761894039,-0.059661264882,0.013795742549,-0.002213375704,0.054964946308,-0.041917006652,-0.040944643912
414,0.000815177509,0.029886693703,0.007085799487,-0.029650712872,0.032751056575,-0.036372981196,0.038048915152,0.018761894039,-0.059661264882,0.013795742549,-0.002213375704,0.054964946308,-0.041917006652
415,-0.017271788455,0.000815177509,0.029886693703,0.007085799487,-0.029650712872,0.032751056575,-0.036372981196,0.038048915152,0.018761894039,-0.059661264882,0.013795742549,-0.002213375704,0.054964946308
416,-0.016764907908,-0.017271788455,0.000815177509,0.029886693703,0.007085799487,-0.029650712872,0.032751056575,-0.036372981196,0.038048915152,0.018761894039,-0.059661264882,0.013795742549,-0.002213375704
417,-0.014688493897,-0.016764907908,-0.017271788455,0.000815177509,0.029886693703,0.007085799487,-0.029650712872,0.032751056575,-0.036372981196,0.038048915152,0.018761894039,-0.059661264882,0.013795742549
418,0.054485666756,-0.014688493897,-0.016764907908,-0.017271788455,0.000815177509,0.029886693703,0.007085799487,-0.029650712872,0.032751056575,-0.036372981196,0.038048915152,0.018761894039,-0.059661264882
